ranking,jp_name,eng_name,agency,total_subs,total_views
1,キズナアイ,A.I.Channel, ,"2,720,000","305,438,653"
2,キズナアイ(ゲーム),A.I.Games, ,"1,450,000","150,500,770"
3,輝夜月(かぐやるな),Kaguya Luna Official,VIC,"987,000","101,566,532"
4,ミライアカリ,Mirai Akari Project,元ENTUM,"726,000","66,722,924"
5,電脳少女シロ,Siro Channel,.LIVE,"700,000","108,646,128"
6,白上フブキ,フブキCh。白上フブキ,ホロライブ,"592,000","64,379,976"
7,田中ヒメ 鈴木ヒナ,HIMEHINA Channel, ,"578,000","102,927,332"
8,猫宮ひなた,ひなたチャンネル (Hinata Channel),元ENTUM,"539,000","44,263,160"
9,月ノ美兎,月ノ美兎,にじさんじ(1・2期生),"538,000","80,481,579"
10,湊あくあ,Aqua Ch. 湊あくあ,ホロライブ,"490,000","60,527,509"
11,ヨメミ,ヨメミ -萌実- エトラ チャンネル,エイレーン一家,"443,000","57,279,381"
12,本間ひまわり,本間ひまわり - Himawari Honma -,にじさんじ(ゲーマーズ出身),"442,000","76,886,504"
13,戌神ころね,Korone Ch. 戌神ころね,ホロライブ,"387,000","37,223,715"
14,ホロライブ公式,hololive ホロライブ - VTuber Group,ホロライブ,"375,000","58,497,517"
15,桐生ココ,Coco Ch. 桐生ココ,ホロライブ,"365,000","42,272,264"
16,夏実萌恵,Natsumi Moe - Virtual YouTuber,エイレーン一家,"364,000","30,810,483"
17,笹木咲,笹木咲 / Sasaki Saku,にじさんじ(ゲーマーズ出身),"363,000","41,928,572"
18,御伽原江良(おとぎばらえら),御伽原 江良 / Otogibara Era【にじさんじ】,にじさんじ(統合後),"359,000","36,661,814"
19,兎田ぺこら,Pekora Ch. 兎田ぺこら,ホロライブ,"354,000","36,932,686"
20,宝鐘マリン(ほうしょうまりん),Marine Ch. 宝鐘マリン,ホロライブ,"353,000","34,310,118"
21,夏色まつり,Matsuri Channel 夏色まつり,ホロライブ,"351,000","27,036,949"
22,YuNi,YuNi - virtual singer -,upd8,"343,000","71,696,346"
23,道明寺ここあ,ここあMusic, ,"342,000","84,406,659"
24,ときのそら,SoraCh. ときのそらチャンネル,ホロライブ,"342,000","36,962,828"
25,にじさんじ公式,にじさんじ,にじさんじ(1・2期生),"335,000","67,042,947"
26,鈴原るる,鈴原るる【にじさんじ所属】,にじさんじ(統合後),"326,000","37,986,462"
27,赤井はあと,Haato Channel 赤井はあと,ホロライブ,"324,000","24,703,884"
28,ゲーム部プロジェクト,ゲーム部プロジェクト,Unlimited,"320,000","176,436,590"
29,リゼ・ヘルエスタ,リゼ・ヘルエスタ -Lize Helesta-,にじさんじ(統合後),"313,000","35,620,592"
30,白銀ノエル(しろがねのえる),Noel Ch. 白銀ノエル,ホロライブ,"311,000","15,738,823"
31,葛葉,Kuzuha Channel,にじさんじ(ゲーマーズ出身),"307,000","67,770,009"
32,椎名唯華, ,にじさんじ(ゲーマーズ出身),"307,000","50,559,745"
33,犬山たまき,佃煮のりおちゃんねる【犬山たまき】,のりプロ,"306,000","39,696,399"
34,アンジュ・カトリーナ,アンジュ・カトリーナ - Ange Katrina -,にじさんじ(統合後),"304,000","30,297,563"
35,花譜(かふ),花譜,神椿,"298,000","49,173,251"
36,猫又おかゆ,Okayu Ch. 猫又おかゆ,ホロライブ,"298,000","22,818,087"
37,樋口楓,樋口楓【にじさんじ所属】,にじさんじ(1・2期生),"296,000","32,706,044"
38,夢月ロア(ゆづきろあ),夢月ロア🌖Yuzuki Roa,にじさんじ(統合後),"291,000","25,162,031"
39,緑仙(リューシェン),緑仙channel,にじさんじ(SEEDs出身),"290,000","62,982,868"
40,静凛,Shizuka Rin Official,にじさんじ(1・2期生),"285,000","39,325,545"
41,鈴鹿詩子,鈴鹿詩子 Utako Suzuka,にじさんじ(1・2期生),"282,000","43,409,063"
42,星街すいせい,Suisei Channel,ホロライブ,"280,000","18,098,175"
43,さくらみこ,Miko Ch. さくらみこ,ホロライブ,"278,000","30,052,253"
44,シフィ(シフィ―ル・エシラー),シフィ - Sifir Esirer -,エイレーン一家,"277,000","56,906,674"
45,潤羽るしあ,Rushia Ch. 潤羽るしあ,ホロライブ,"273,000","11,472,307"
46,富士葵(ふじあおい),Aoi ch.,Smarprise,"272,000","61,053,475"
47,アルス・アルマル,アルス・アルマル -ars almal- 【にじさんじ】,にじさんじ(統合後),"269,000","28,167,543"
48,周防パトラ,Patra Channel / 周防パトラ 【ハニスト】,ハニーストラップ,"267,000","51,684,474"
49,戌亥とこ(いぬいとこ),戌亥とこ-Inui Toko-【にじさんじ】,にじさんじ(統合後),"263,000","20,327,182"
50,叶(かなえ),Kanae Channel,にじさんじ(ゲーマーズ出身),"262,000","74,912,486"
51,ハロー キティ,HELLO KITTY / ハローキティ【Sanrio Official】,サンリオ,"256,000","20,863,123"
52,キミノ ミヤ(MIYA KIMINO),Japanese HANJO! TV,upd8,"255,000","6,036,471"
53,天神子兎音(てんじんことね),天神 子兎音 Tenjin Kotone,順位をツイート,"253,000","44,497,330"
54,紫咲シオン,Shion Ch. 紫咲シオン,ホロライブ,"247,000","18,843,753"
55,大空スバル,Subaru Ch. 大空スバル,ホロライブ,"246,000","22,959,539"
56,バーチャルおばあちゃん(VB),バーチャルおばあちゃんねる, ,"245,000","55,943,675"
57,社築(やしろ きずく),社築,にじさんじ(SEEDs出身),"244,000","28,757,781"
58,竜胆尊(りんどうみこと),竜胆 尊 / Rindou Mikoto,にじさんじ(SEEDs出身),"242,000","16,010,217"
59,百鬼あやめ,Nakiri Ayame Ch. 百鬼あやめ,ホロライブ,"241,000","11,960,994"
60,天音かなた(あまねかなた),Kanata Ch. 天音かなた,ホロライブ,"235,000","16,564,874"
61,癒月ちょこ,Choco Ch. 癒月ちょこ,ホロライブ,"234,000","10,817,290"
62,織田信姫, , ,"233,000","30,482,327"
63,ロボ子さん,Roboco Ch. - ロボ子,ホロライブ,"233,000","20,601,124"
64,ベルモンド・バンデラス, ,にじさんじ(SEEDs出身),"232,000","22,664,109"
65,大神ミオ,Mio Channel 大神ミオ,ホロライブ,"232,000","19,400,538"
66,マヤ・プトゥリ,Maya Putri, ,"232,000","11,482,624"
67,角巻わため(つのまきわため),Watame Ch. 角巻わため,ホロライブ,"231,000","18,046,832"
68,おめがレイ おめがリオ,おめがシスターズ [Ω Sisters],upd8,"229,000","55,004,838"
69,郡道美玲(ぐんどうみれい),【3年0組】郡道美玲の教室,にじさんじ(統合後),"228,000","24,017,798"
70,Melody,Projekt Melody, ,"218,000","3,439,814"
71,鷹宮リオン,鷹宮リオン,にじさんじ(SEEDs出身),"216,000","28,347,484"
72,花鋏キョウ,花鋏キョウ/キョウちゃんねる,Re:AcT,"216,000","25,957,005"
73,シスター・クレア,シスター・クレア -SisterClaire-,にじさんじ(SEEDs出身),"215,000","21,938,263"
74,加賀美ハヤト,加賀美 ハヤト/Hayato Kagami,にじさんじ(統合後),"207,000","22,909,560"
75,黛灰(まゆずみかい),黛 灰 / Kai Mayuzumi【にじさんじ】,にじさんじ(統合後),"202,000","23,453,618"
76,でびでび・でびる,でびでび・でびる,にじさんじ(SEEDs出身),"202,000","18,275,689"
77,しぐれうい, ,順位をツイート,"202,000","6,699,811"
78,馬犬,BKNChannel,転生組,"200,000","2,294,111"
79,勇気ちひろ,勇気ちひろ,にじさんじ(1・2期生),"198,000","22,822,362"
80,ドーラ, ,にじさんじ(SEEDs出身),"197,000","17,686,447"
81,名取さな,さなちゃんねる, ,"197,000","14,415,612"
82,星川サラ,星川サラ,にじさんじ(統合後),"196,000","12,963,571"
83,バーチャル番組連盟,バーチャル番組チャンネル, ,"195,000","15,148,919"
84,ガッチマンV, , ,"193,000","2,975,388"
85,エクス・アルビオ,エクス・アルビオ -Ex Albio-,にじさんじ(統合後),"191,000","25,797,450"
86,ヤミクモケリン,ケリン,upd8,"188,000","22,841,587"
87,杏仁ミル, ,YahooTV,"188,000","6,823,807"
88,アズマ リム(アズリム),Azuma Lim Channel -アズマ リム-, ,"186,000","10,345,762"
89,夜見れな(よるみれな),夜見れな/yorumi rena【にじさんじ所属】,にじさんじ(統合後),"185,000","20,318,772"
90,健屋花那(すこやかな),健屋花那【にじさんじ】KanaSukoya,にじさんじ(統合後),"184,000","9,175,497"
91,鳩羽つぐ,鳩羽つぐ, ,"184,000","8,533,066"
92,ピンキーポップヘップバーン,Pinky Pop Hepburn Official,VIC,"184,000","8,050,048"
93,童田明治(わらべだめいじー),童田明治-わらべだめいじー-,にじさんじ(統合後),"183,000","15,111,186"
94,物述有栖,♥️♠️物述有栖♦️♣️,にじさんじ(1・2期生),"178,000","12,792,015"
95,ジョー・力一(じょーりきいち),ジョー・力一 Joe Rikiichi,にじさんじ(SEEDs出身),"177,000","16,312,167"
96,舞元啓介, ,にじさんじ(SEEDs出身),"176,000","21,917,128"
97,花畑チャイカ,花畑チャイカ,にじさんじ(SEEDs出身),"171,000","20,599,550"
98,夢追翔,夢追翔のJUKE BOX,にじさんじ(SEEDs出身),"169,000","21,982,988"
99,剣持刀也,剣持刀也,にじさんじ(1・2期生),"168,000","25,238,537"
100,森中花咲,森中花咲,にじさんじ(1・2期生),"168,000","21,717,709"
101,獅子神レオナ,獅子神レオナ/レオナちゃんねる,Re:AcT,"164,000","29,771,820"
102,神楽めあ,神楽めあ / KaguraMea,ぱりぷろ,"163,000","9,291,543"
103,ニュイ・ソシエール,ニュイ・ソシエール //[Nui Sociere],にじさんじ(統合後),"161,000","16,875,654"
104,三枝明那(さえぐさあきな),三枝明那 / Akina Saegusa,にじさんじ(統合後),"159,000","13,243,688"
105,因幡はねる,Haneru Channel / 因幡はねる 【あにまーれ】,あにまーれ,"156,000","25,557,986"
106,懲役太郎,懲役太郎チャンネル,upd8,"156,000","25,008,359"
107,由宇霧,由宇霧ちゃんねる【しくじり性教育】,upd8,"156,000","19,102,119"
108,不知火フレア,Flare Ch. 不知火フレア,ホロライブ,"156,000","10,397,230"
109,クレア,クレア英会話,Unlimited,"156,000","8,569,607"
110,Aisha Channel, , ,"156,000","7,305,130"
111,イヴ・ヴァルレーヌ,EvE channel, ,"152,000","8,071,607"
112,もこ田めめめ,もこめめ*channel,.LIVE,"148,000","13,531,118"
113,久遠千歳,Kudou_chitose / 久遠千歳, ,"148,000","6,324,546"
114,夜空メル,Mel Channel 夜空メルチャンネル,ホロライブ,"148,000","3,416,521"
115,Ami Yamato(海外),Ami Yamato, ,"147,000","7,742,723"
116,エルフのえる,エルフのえる / にじさんじ所属,にじさんじ(1・2期生),"144,000","11,260,881"
117,海堂飛鳥・苺谷星空,バーチャルジャニーズプロジェクト公式, ,"144,000","10,432,283"
118,田中好男,田中のおっさん, ,"144,000","4,808,356"
121,燦鳥ノム(さんとりのむ),燦鳥ノム - SUNTORY NOMU -, ,"142,000","21,428,135"
122,姫森ルーナ,Luna Ch. 姫森ルーナ,ホロライブ,"141,000","6,182,566"
123,Account Girl,VTuber Channel Account Girl 會計妹,転生組,"138,000","37,820,576"
124,天開司,バーチャル債務者youtuber天開司, ,"138,000","22,013,886"
125,葉加瀬冬雪(はかせふゆき),葉加瀬 冬雪 / Hakase Fuyuki,にじさんじ(統合後),"138,000","12,218,209"
126,桜凛月, ,にじさんじ(SEEDs出身),"138,000","11,374,582"
127,Andi Adinata,Andi Adinata Channel, ,"136,000","8,111,441"
128,渋谷ハル,渋谷ハル,upd8,"133,000","25,210,310"
129,文野環,文野環【にじさんじの野良猫】ふみのたまき,にじさんじ(1・2期生),"132,000","6,685,087"
130,甲賀流忍者 ぽんぽこ,ぽんぽこちゃんねる, ,"130,000","32,102,314"
131,ラトナ・プティ,ラトナ・プティ -Ratna Petit -にじさんじ所属,にじさんじ(統合後),"130,000","11,291,123"
132,アキ・ローゼンタール,アキロゼCh。Vtuber/ホロライブ所属,ホロライブ,"130,000","5,597,663"
133,宇志海いちご,宇志海いちご,にじさんじ(1・2期生),"128,000","8,123,107"
134,天宮こころ,天宮 こころ / Kokoro Amamiya 【にじさんじ所属】,にじさんじ(統合後),"128,000","8,033,249"
135,松村上久郎, ,転生組,"127,000","10,109,632"
136,シェリン・バーガンディ,シェリン・バーガンディ -Shellin Burgundy- 【にじさんじ】,にじさんじ(統合後),"127,000","8,697,469"
137,AZKi,AZKi Channel,ホロライブ,"126,000","7,147,540"
138,音霊魂子 水菜月夏希 石狩あかり,あおぎり高校, ,"125,000","22,146,546"
139,夕陽リリ,Yuhi Riri Official,にじさんじ(1・2期生),"125,000","10,210,313"
140,常闇トワ(とこやみとわ),Towa Ch. 常闇トワ,ホロライブ,"125,000","4,788,290"
141,高生紳士, ,VEEMusic,"124,000","31,014,912"
142,不破湊(ふわみなと),不破 湊 / Fuwa Minato【にじさんじ】,にじさんじ(統合後),"124,000","11,818,526"
143,かしこまり,Mari Channel,upd8,"123,000","19,175,618"
144,魔界ノりりむ, ,にじさんじ(ゲーマーズ出身),"123,000","10,367,014"
145,家長むぎ,家長むぎ【にじさんじ所属】,にじさんじ(1・2期生),"123,000","3,572,162"
146,フレン・E・ルスタリオ, ,にじさんじ(統合後),"122,000","5,522,545"
147,楠栞桜(くすのきしお),楠栞桜 / Kusunoki Sio,順位をツイート,"122,000","5,178,900"
148,相羽ういは,相羽ういは〖Aiba Uiha〗にじさんじ所属,にじさんじ(統合後),"121,000","9,712,924"
149,神田笑一,【にじさんじ】神田笑一,にじさんじ(SEEDs出身),"120,000","13,396,004"
150,イブラヒム,イブラヒム【にじさんじ】,にじさんじ(統合後),"120,000","9,686,001"
151,はかりかんな,-かんなチャンネル-Kanna Channel,フェレット女学院,"120,000","7,137,571"
152,卯月コウ,卯月コウ,にじさんじ(SEEDs出身),"118,000","13,912,602"
153,西園寺メアリ,Mary Channel / 西園寺メアリ【ハニスト】,ハニーストラップ,"117,000","12,976,683"
154,ぐでたま,GUDETAMA / ぐでたま【Sanrio Official】,サンリオ,"115,000","42,769,200"
155,えま★おうがすと, ,にじさんじ(統合後),"114,000","4,250,417"
156,夜桜たま,夜桜たま, ,"113,000","11,542,475"
157,流石乃ルキ 流石乃ロキ,ルキロキチャンネル - Ruki Roki Channel -, ,"112,000","12,696,332"
158,白雪巴(しらゆきともえ),白雪 巴/Shirayuki Tomoe【にじさんじ】,にじさんじ(統合後),"111,000","5,555,853"
159,黒井しば,黒井しば【にじさんじの犬】,にじさんじ(SEEDs出身),"110,000","7,576,203"
160,超人女子戦士 ガリベンガーV(テレビ朝日),超人女子戦士 ガリベンガーV,.LIVE,"109,000","20,188,898"
161,ふぇありす,Fairys Channel,バ美肉,"109,000","11,620,911"
162,北上双葉,北上双葉,.LIVE,"109,000","8,181,520"
163,レヴィ・エリファ,レヴィ・エリファ-Levi Elipha-,にじさんじ(統合後),"109,000","7,617,479"
164,ばあちゃる,【世界初?!】男性バーチャルYouTuber ばあちゃる,.LIVE,"108,000","6,763,108"
165,愛園愛美(あいぞのまなみ),愛園 愛美/Aizono Manami,にじさんじ(統合後),"108,000","4,857,966"
166,葉山舞鈴,葉山舞鈴 / Hayama Marin【にじさんじ所属】,にじさんじ(統合後),"107,000","10,925,989"
167,歌衣メイカ,メイカちゃんねる,upd8,"107,000","10,185,432"
168,メリッサ・キンレンカ, ,にじさんじ(統合後),"107,000","7,114,918"
169,浅井ラム,浅井ラム映画レビュー【知的風ハット】, ,"106,000","16,562,868"
170,金剛いろは, ,.LIVE,"105,000","7,993,410"
171,雨森小夜, ,にじさんじ(SEEDs出身),"105,000","6,538,760"
172,町田ちま,町田ちま【にじさんじ】,にじさんじ(SEEDs出身),"104,000","7,155,467"
173,モイラ,《にじさんじ所属の女神》モイラ,にじさんじ(1・2期生),"104,000","6,691,597"
174,ましろ,ましろ / Mashiro,にじさんじ(統合後),"104,000","6,057,129"
175,風見唯花,YUIKA'S ROOM,Unlimited,"103,000","4,271,629"
176,かぐらなな,かぐらなな / ななかぐ辛党Ch, ,"103,000","2,303,348"
177,柚木凛,ゆずきチャンネル, ,"102,000","10,983,493"
178,早瀬走(はやせそう),早瀬 走 / Hayase Sou【にじさんじ所属】,にじさんじ(統合後),"100,000","5,957,301"
179,Project A.I.D,Project A.I.D 公式チャンネル,順位をツイート,"100,000","4,869,725"
180,エリー・コニファー,エリー・コニファー / Eli Conifer【にじさんじ】,にじさんじ(統合後),"97,500","3,961,657"
181,ディープウェブ・アンダーグラウンド,DeepWebUnderground, ,"96,700","5,171,754"
182,魔使マオ(まつかいまお),魔使マオ -matsukai mao-,にじさんじ(統合後),"96,100","5,179,405"
183,赤羽葉子,Akabane Channel,にじさんじ(ゲーマーズ出身),"95,900","3,605,819"
184,渋谷ハジメ,渋谷ハジメのはじめ支部,にじさんじ(1・2期生),"95,500","11,990,396"
185,ともえとエルゼのほんわかASMR, , ,"94,600","24,146,660"
186,クロノワール(叶 葛葉),ChroNoiR,にじさんじ(ゲーマーズ出身),"94,500","2,569,175"
187,波羅ノ鬼, , ,"93,700","7,186,030"
188,ピーナッツくん,ピーナッツくん!オシャレになりたい!, ,"93,500","17,974,666"
189,斗和キセキ, ,Pictoria,"90,100","2,839,962"
190,APOKI TV, , ,"90,000","5,026,097"
191,放課後ゲーム部, ,Unlimited,"90,000","3,450,579"
192,星乃めあ,星乃めあ - virtual singer -,夢見坂学院,"89,500","10,840,388"
193,花京院ちえり,花京院ちえり,.LIVE,"89,300","12,403,324"
194,ルイス・キャミー, ,にじさんじ(統合後),"89,300","3,339,703"
195,餅月ひまり,ひまりソング, ,"89,100","6,915,683"
196,YuChan Channel, , ,"89,000","1,621,011"
197,SALLA.R, , ,"87,400","5,571,018"
198,すももチャンネル, , ,"85,900","18,992,004"
199,フミ,フミ/にじさんじ,にじさんじ(統合後),"85,900","5,206,056"
200,奈羅花(ならか),奈羅花 - Naraka -,にじさんじ(統合後),"85,500","2,788,362"
201,八重沢なとり,八重沢なとり,.LIVE,"85,300","8,688,539"
202,ふくやマスター,マスター TV,upd8,"84,900","1,586,376"
203,雪城眞尋(ゆきしろ まひろ),雪城眞尋/Yukishiro Mahiro【にじさんじ所属】,にじさんじ(統合後),"84,600","3,948,059"
204,シャンデリ【Claw Machine Japan】, , ,"84,100","28,013,441"
205,出雲霞,《IzumoKasumi》Project channel【にじさんじ】,にじさんじ(SEEDs出身),"84,100","5,762,721"
206,朝ノ姉妹ぷろじぇくと, , ,"83,800","8,280,876"
207,Juno, , ,"83,700","2,002,263"
208,伏見ガク,伏見ガク【にじさんじ所属】,にじさんじ(1・2期生),"83,400","960,253"
209,アンジョー コーサカ,MonsterZ MATE,Balus,"83,200","18,344,479"
210,神楽すず, ,.LIVE,"82,400","12,289,618"
211,ウェザーロイドAiri,ウェザーロイド Airi（ポン子）, ,"82,200","7,911,831"
212,れいきら!, , ,"82,100","698,444"
213,のらきゃっと,のらきゃっとチャンネル,upd8,"82,000","3,550,874"
214,柚木玲奈,Reina Official, ,"81,800","6,293,052"
215,白百合リリィ,しらゆりヘブンちゃんねる,ViViD,"81,800","3,782,075"
216,ぽてち,PJ.ぽてち, ,"81,600","3,165,944"
217,ヤマト・イオリ,ヤマト イオリ,.LIVE,"81,100","6,850,294"
218,スマサポチャンネル, , ,"80,700","7,853,774"
219,猫乃木もち, , ,"79,900","4,414,730"
220,小野町春香,小野町春香-OnomachiHaruka-にじさんじ,にじさんじ(統合後),"78,900","4,276,673"
221,リズ,KMNZ LIZ,WFLE,"78,400","6,614,972"
222,チョイ(海外),초이 CHOY, ,"78,300","12,422,777"
223,ハナ・マキア,Hana Macchia Ch.【NIJISANJI id】,NIJISANJI ID,"78,200","2,577,841"
224,鈴木勝,Re‡D.E.放送局【鈴木勝/にじさんじ】,にじさんじ(SEEDs出身),"78,100","5,370,217"
225,赤月ゆに,UNIchannel,順位をツイート,"78,000","3,675,517"
226,ハッカドール,Hacka Channel ハッカドール, ,"77,200","2,975,209"
227,somunia,somunia room,Ficty,"77,000","5,079,527"
228,カルロ・ピノ,カルロ・ピノ,.LIVE,"76,000","8,623,343"
229,藤崎由愛(YUA),YUA/藤崎由愛, ,"74,700","4,087,547"
230,白雪みしろ,白雪みしろShirayuki Mishiro,のりプロ,"74,100","2,447,393"
231,雪汝(セツナ),雪汝*setsuna channel, ,"74,000","4,009,807"
232,鹿乃,鹿乃 / Kano,花寄女子寮,"73,900","2,163,207"
233,リタ,KMNZ LITA,WFLE,"73,800","6,845,381"
234,鈴代ここねと 鈴代つきね(ココツキ),ココツキCocoTsuki Project,upd8,"73,400","4,873,952"
235,吟醸姉妹,吟醸姉妹/Ginjo Shimai, ,"73,300","11,703,147"
236,ユメノシオリ,ユメノシオリ ASMR火曜の女,ぱりぷろ,"73,300","5,609,382"
237,甲斐田晴(かいだはる),甲斐田晴,にじさんじ(統合後),"73,200","2,747,371"
238,Rin Asobi, , ,"73,100","1,759,815"
239,遠北千南(あちきたちなみ),遠北千南 / Achikita Chinami 【にじさんじ】, ,"72,600","1,585,006"
240,癒月ちょこ(サブチャンネル),Choco subCh. 癒月ちょこ,ホロライブ,"72,200","1,538,873"
241,カナメとハルキー, , ,"71,700","6,344,278"
242,ヤッターマン2号カミナリアイ ボヤッキー,Yatterman Channel/ヤッターマンチャンネル, ,"71,700","4,429,238"
243,瀬戸美夜子,瀬戸 美夜子 - Miyako Seto,にじさんじ(統合後),"71,200","3,125,457"
244,少年あしたくん, , ,"71,100","3,996,029"
245,メリーミルク,メリーミルクの森,.LIVE,"70,400","3,026,914"
246,でびっち でびでび・でびる(旧),でび縺」縺。縺ッ豁サ縺ォ縺セ縺励,にじさんじ(SEEDs出身),"69,700","2,548,518"
247,音羽ララ 春歌みこと,ウタゴエ放送部プロジェクト,upd8,"69,300","8,387,811"
248,闇夜乃モルル,闇夜乃モルル / Moruru Yamiyono, ,"69,220",0
249,バーバパパ, , ,"69,100","9,642,780"
250,宇森ひなこ,Hinako Channel / 宇森ひなこ 【あにまーれ】, ,"68,700","1,839,574"
251,.LIVE公式,どっとライブ,.LIVE,"68,200","6,011,902"
252,飛鳥ひな,飛鳥ひな【にじさんじ所属】,にじさんじ(SEEDs出身),"68,100","2,456,679"
253,鳴神裁(なるかみ さばき),Narukami Sabaki Official, ,"68,000","11,863,065"
254,てるとくん, , ,"68,000","5,974,816"
255,鈴谷アキ,鈴谷アキの陽だまりの庭,にじさんじ(1・2期生),"68,000","2,978,540"
256,まこと。2nd channel, ,順位をツイート,"67,900","448,486"
257,轟京子,轟 京子,にじさんじ(SEEDs出身),"67,800","3,071,308"
258,ディープブリザード(深雪),ディープブリザード, ,"67,700","2,990,768"
259,山神カルタ,山神 カルタ,にじさんじ(統合後),"66,900","2,993,103"
260,バーチャルゴリラ, ,VEEMusic,"66,700","5,563,800"
261,グウェル・オス・ガール,グウェル・オス・ガール / Gwelu Os Gar 【にじさんじ】,にじさんじ(統合後),"66,600","5,475,033"
262,マグロナ,まぐろなちゃんねる,upd8,"66,300","3,021,727"
263,木曽あずき, ,.LIVE,"66,300","1,937,734"
264,銀河アリス,銀河アリスの地球侵略ch.,Balus,"65,300","7,880,315"
265,LStypeMiku,LStypeMiku Vtuber Channel, ,"65,300","3,343,329"
266,花香琴音レーサーVtuber, , ,"65,100","7,890,348"
267,まんさや, ,転生組,"64,600","3,711,354"
268,もちひよこ,もちひよこ,もちぷろ,"64,100","4,900,219"
269,kson ONAIR, , ,"63,600","2,887,825"
270,冒志乃らむ,Okashino Ram 冒志乃らむ,ぶいめん,"62,600","1,160,970"
271,蒼月エリ,Eli Channel / 蒼月エリ【ハニスト】, ,"62,243",0
272,白真くま,Shiroma Kuma 白真くま,ぶいめん,"62,200","918,805"
273,エイレーン,エイレーン 改 （Eilene Channel),エイレーン一家,"62,100",0
274,日ノ隈らん,Ran Channel / 日ノ隈らん 【あにまーれ】,あにまーれ,"61,900","5,048,666"
275,長尾景,長尾景 Kei Nagao,にじさんじ(統合後),"61,900","2,284,098"
276,堰代ミコ(せきしろミコ),Mico Channel / 堰代ミコ【ハニスト】,ハニーストラップ,"61,700","4,393,234"
277,ざき/3麻MJ最強位, , ,"61,600","19,144,378"
278,黒咲りん,黒咲りんRin Kurosaki, ,"61,600","1,136,144"
279,牛巻りこ,牛巻 りこ,.LIVE,"61,500","1,550,560"
280,すーぱーそに子,すーぱーそに子ちゃんねる,WFLE,"61,300","2,527,652"
281,セア(海外),세아 스토리, ,"60,100","4,675,479"
282,焼まゆるのお絵かきちゃんねる, , ,"59,500","2,905,778"
283,YadiDoll zaotome(海外),YadiDoll zaotome, ,"59,500","2,718,577"
284,一ノ瀬うるは, ,LVG/IBG,"59,400","3,137,726"
285,アメノセイ,アメノセイ-AMENOSEI, ,"59,100","4,204,110"
286,ギルザレンIII世,Gilzaren III Season 2,にじさんじ(1・2期生),"58,400","1,388,355"
287,宗谷いちか,Ichika Channel / 宗谷 いちか 【あにまーれ】,あにまーれ,"58,100","4,088,860"
288,天川アルト,Amakawa Alto 天川アルト,ぶいめん,"57,500","1,259,009"
289,メイドのユキさん,メイドのユキさん 調教少女, ,"57,400","7,160,376"
290,藤間桜,藤間桜【22/7公式】,22/7,"57,300","5,590,945"
291,鈴谷アキ(旧チャンネル),アキくんちゃんネル,にじさんじ(1・2期生),"56,800","3,079,947"
292,島村シャルロット,Charlotte Channel / 島村シャルロット【ハニスト】,ハニーストラップ,"56,600","4,492,657"
293,マガジヨミ,週刊少年マガジン,転生組,"56,400","22,827,314"
294,鴨見カモミ,CAMOMI Camomi Channel 【鴨見カモミ】,ブイアパ,"56,400","2,845,402"
295,日雇礼子,日雇礼子のドヤ街暮らしチャンネル,順位をツイート,"56,200","5,277,644"
296,大河ユウ,Taiga Yu 大河ユウ,ぶいめん,"56,100","721,455"
297,邪神ちゃんねる, , ,"55,700","7,838,350"
298,夕闇ルキア,Yuyami Lukia 夕闇ルキア,ぶいめん,"55,700","818,353"
299,先端恐怖症 / Sentan, ,転生組,"55,600","15,609,435"
300,すあだちゃんねる, ,転生組,"55,300","8,679,972"
301,眠未ねる,Nemumi Neru 眠未ねる,ぶいめん,"54,600","676,989"
302,理芽(りめ),理芽,神椿,"54,100","4,574,542"
303,Tomari Mari channel / 兎鞠まりちゃんねる, ,upd8,"54,100","3,005,243"
304,乾伸一郎,乾ちゃんねる,VEEMusic,"54,100","1,455,564"
305,瀬兎一也/SetoKazuya, ,あふたーしーくれっと,"53,700","4,884,597"
306,来栖夏芽(くるすなつめ),来栖 夏芽-kurusu natsume-【にじさんじ】,にじさんじ(統合後),"52,500","1,350,674"
307,SLAVE V-V-R, , ,"52,400","10,568,825"
308,響木アオ,響木アオ-HibikiAo-,upd8,"52,300","3,869,719"
309,矢車りね,矢車りね - Rine Yaguruma -,にじさんじ(SEEDs出身),"52,200","1,050,263"
310,ちくわ,ちくわちゃんねる, ,"51,700","2,687,403"
311,虹河ラキ,Laki Station ラキステーション,upd8,"51,500","3,076,585"
312,弦月藤士郎,弦月 藤士郎 / Genzuki Tojiro【にじさんじ】,にじさんじ(統合後),"51,300","1,530,688"
313,Emoco Ch. / えもこ, , ,"51,200","4,255,163"
314,ARu子, , ,"51,100","3,676,960"
315,アユンダ・リス,Ayunda Risu Ch. hololive-ID,ホロライブ,"51,000","670,658"
316,春猿火, ,神椿,"50,900","4,446,380"
317,Alia Adelia Ch., , ,"50,700","1,449,696"
318,Popo Kids「ポポキッズ」, ,転生組,"50,300","30,921,330"
319,杏戸ゆげ,Uge Channel / 杏戸ゆげ 【ブイアパ】,ブイアパ,"49,900","3,508,897"
320,地球ちゃん(海外),Земля Чан, ,"49,400","1,383,157"
321,ぽちまる/ぽち小屋。ちゃんねる, ,バ美肉,"49,000","1,369,350"
322,みなかぜアメ,Ame Channel -みなかぜアメ-,あいすらぼ,"48,700","3,659,436"
323,天翔院ひいな,ひいなちゃんねる,PinkPunkPro,"48,500","1,365,867"
324,三崎のなか, , ,"48,200","2,512,323"
325,安土桃,安土桃,にじさんじ(SEEDs出身),"47,900","1,277,812"
326,型落おねーさん,型落チャンネル, ,"47,700","5,551,449"
327,音霊魂子,たまこ。Ch./あおぎり高校, ,"47,500","1,861,921"
328,【おきなわ部】根間うい, , ,"47,300","2,895,206"
329,放課後ミッドナイターズ,【公式】放課後ミッドナイターズチャンネル, ,"46,900","3,970,714"
330,ゴールドシップ(ゴルシ),ぱかチューブっ!,順位をツイート,"45,900","3,722,372"
331,音俣るか,RUKA Ch. - 音俣るか -, ,"45,800","1,963,969"
332,赤井はあと(サブチャンネル),Akai Haato Sub 赤井はあと,ホロライブ,"45,200","85,619"
333,ンヌグム,ォ逅, ,"45,100","5,142,527"
334,直感×アルゴリズム♪,Live Animation Heart x Algorhythm, ,"45,100","4,650,254"
335,TOKYO WAVE!, , ,"44,900","4,344,740"
336,高槻りつ,高槻りつ / Takatsuki ritsu,ぱりぷろ,"44,800","1,513,121"
337,りんくろー,りんくろー事務所,WFLE,"44,400","1,842,515"
338,なちょこ,NACHOCO Channel,WFLE,"44,300","2,050,663"
339,ムーナ・ホシノヴァ,Moona Hoshinova hololive-ID,ホロライブ,"44,100","874,738"
340,届木ウカ,届木ウカ/Todoki Uka Channel,元ENTUM,"43,000","2,144,504"
341,射貫まとい,射貫まといちゃんねる,Re:AcT,"42,600","4,046,272"
342,ヤマダ,プロジェクト東京ドールズチャンネル, ,"42,600","2,203,615"
343,皆守ひいろ,皆守ひいろ/ Hero Minamori,元ENTUM,"42,500","1,466,143"
344,祭 雛子/まつり ひなこ, , ,"42,400","5,009,325"
345,天野ピカミィ. Pikamee, ,VOMS,"42,200","1,272,238"
346,奏天まひろ 燈舞りん 音葉なほ 鈴鳴すばる,まりなすチャンネル【仮】,順位をツイート,"42,100","5,413,275"
347,名伽尾アズマ(なかお あずま),名伽尾アズマ☀️, ,"41,900",0
348,春崎エアル,春崎エアル,にじさんじ(SEEDs出身),"41,500","956,332"
349,アイラニ・イオフィフティーン,Airani Iofifteen Channel hololive-ID,ホロライブ,"41,300","537,397"
350,スライム子,オバマス放送局 / オーバーロード, ,"41,100","2,237,251"
351,愛宮みるく,愛宮みるくMilk Enomiya,のりプロ,"40,900","604,196"
352,Planya Сhannel, , ,"40,500","767,233"
353,海夜叉神,海夜叉神/黄泉波咲夜【にじさんじ】, ,"40,100",0
354,バチュアルモンスター(海外),버츄얼몬스터, ,"39,900","5,199,948"
355,今酒ハクノ,Hakuno Imasaka, ,"39,600","4,820,646"
356,竹花ノート,ノート竹花,バ美肉,"39,600","441,446"
357,東雲めぐ,MeguRoom,Gugenka,"39,400","657,219"
358,乾物ひもの(かんぶつひもの),ひものちゃんねる -HIMONO CHANNEL-, ,"38,900","1,999,005"
359,天輝おこめ,-おこめチャンネル-Okome Channel, ,"38,700","2,130,628"
360,キャサリン・ワード,殺戮の天使公式チャンネル, ,"38,600","1,338,801"
361,めいでん, ,OPEN BETA,"38,300","3,362,076"
362,鈴木あんず 白藤環 夏目ハル 日向奈央 栗原桜子(えのぐ),【VRアイドル】えのぐチャンネル,岩本町芸能社,"38,200","2,278,987"
363,アキ・ローゼンタール(サブチャンネル),AkiRose Ch.アキ・ローゼンタールSub,ホロライブ,"38,000","51,534"
364,有栖マナ,有栖マナ/Alice mana 【541 E&C】,ぱりぷろ,"37,900","1,750,994"
365,月見しずく, , ,"37,600","878,916"
366,柊彩香 朝倉日向,あやひなチャンネル,Unlimited,"36,300","2,005,522"
367,メンラボ!, , ,"36,200","4,927,309"
368,バーチャル執事Cecilia, ,順位をツイート,"36,000","4,977,606"
369,ユキミお姉ちゃん,ユキミお姉ちゃんねる, ,"36,000","2,661,373"
370,くるみ,くるみ!, ,"35,900","2,041,860"
371,緑仙サブチャンネル,みどりのさぶちゃんねる,にじさんじ(SEEDs出身),"35,800","1,354,163"
372,浅瀬ゆうぎ,OL CHANNEL, ,"35,600","3,771,481"
373,あっくん大魔王, , ,"35,300","2,529,859"
374,万楽えね(まぐら えね),バーチャルYouTuber万楽えね, ,"34,900","2,103,252"
375,花奏かのん(かなでかのん),花奏 かのん -Kanade Kanon Official-,ブイアパ,"34,300","1,960,242"
376,源元気,Gengen Channel, ,"34,200","2,772,858"
377,語部紡(かたりべつむぐ),語部紡,にじさんじ(統合後),"34,200","291,120"
378,みあたみちゃんねる,みあたみちゃんねるmiatamiChannel, ,"33,800","1,485,950"
379,セフィラ・スゥ, , ,"33,800","1,155,874"
380,プラム, , ,"33,400","1,293,257"
381,ぼっちぼろまる, , ,"33,000","3,552,660"
382,わにこ沼地辺境伯, , ,"33,000","1,238,874"
383,ヰ世界情緒(いせかいじょうちょ),ヰ世界情緒,神椿,"32,800","2,142,935"
384,にじさんじ公式(サブチャンネル),にじさんじ[公式サブch],にじさんじ(1・2期生),"32,800","22,607"
385,エマ・ミナミ,Emma Hazy Minami, ,"32,600","3,190,072"
386,ラトナ・プティ(サブチャンネル),ラトナ・プティ.RatnaPetit《にじさんじ所属》,にじさんじ(統合後),"32,000",0
387,道明寺ここあ,COCOA CHANNEL,Unlimited,"31,900","1,005,787"
388,をとは(海月ねう),0108 official,upd8,"31,800","942,679"
389,野外料理製作/CAMPPER'S HORIZON, ,順位をツイート,"31,700","8,717,904"
390,華香院つばき, ,順位をツイート,"31,600","1,480,624"
391,まどろみもあ,More Channel-まどろみもあ-,あいすらぼ,"31,500","1,863,693"
392,かいとんスタジオ, , ,"31,400","7,142,684"
393,皇牙サキ,とりま、サキんち寄ってく?,WFLE,"31,300","1,027,697"
394,しのぎチャンネルShinogi Channel, ,順位をツイート,"31,200","9,351,266"
395,八朔ゆず,八朔ゆず【にじさんじ】, ,"31,000",0
396,あるふぁブラザーズ, ,upd8,"30,900","710,289"
397,風見くく,Kuku Channel / 風見くく 【あにまーれ】,あにまーれ,"30,900","583,884"
398,雅まつり 雅雪巴 雅さくら 雅紅羽,まじかるどーる / Magical Doll,UUUM,"30,300","3,919,956"
399,夕悠夜赤,夕悠夜 赤.二代目・赤.,VEEMusic,"30,100","4,556,029"
400,磁富モノエ, ,VOMS,"30,000","768,828"
401,雑葉学美 - Zouba Channel, , ,"29,900","5,292,028"
402,かめっち,かめっちTV【バーチャルおやじユーチューバー】, ,"29,900","856,288"
403,バーチャルグランドマザー小林幸子,小林幸子のさっちゃんねる, ,"29,800","1,116,898"
404,谷田透佳 立花鈴,Marprilチャンネル,岩本町芸能社,"29,700","2,015,048"
405,みみたろうChannel, , ,"29,700","799,333"
406,はなつぐ / Hanatsugu, , ,"29,700","356,440"
407,楪帆波(ゆずりはほなみ),楪 帆波-Yuzuriha Honami-,星めぐり学園,"29,600","486,112"
408,ヒヅキミウ,ヒヅキミウ/MIU CHANNEL,WACTOR,"29,400","1,383,782"
409,春日部つくし,春日部つくし,upd8,"29,400","825,487"
410,ハニーストラップ公式,HoneyStrap Official / ハニーストラップ公式,ハニーストラップ,"29,300","1,461,722"
411,飛鮫ナミ 海月ナギ,ナギナミちゃんねる, ,"29,200","2,113,743"
412,本間ひまわり(サブチャンネル),本間ひまわり切り抜きチャンネル,にじさんじ(ゲーマーズ出身),"29,000","2,154,975"
413,粛正罰丸, , ,"29,000","2,078,883"
414,カフェ野ゾンビ子,Zombi-Ko Channel,upd8,"28,800","2,410,551"
415,鈴木勝(旧),D.E.放送局【鈴木勝/にじさんじ】,にじさんじ(SEEDs出身),"28,600","742,911"
416,マリー・アンドロイド 青山ジンベエ,マリーちゃんのチャンネル, ,"28,500","1,782,070"
417,イオウ/Iaughingfox, , ,"28,500","1,526,070"
418,花丸はれる,花丸はれる / Hareru Hanamaru,花寄女子寮,"28,500","1,013,134"
419,幽ヶ崎海愛(ゆうがさきうみ),うみCh.幽ヶ崎海愛,星めぐり学園,"27,900","434,349"
420,シロ(ゲーム),電脳少女シロGames,.LIVE,"27,900","101,945"
421,風宮まつり,風宮まつり / Matsuri Channel,Balus,"27,700","984,595"
422,シエラ・ルーニス(Overidea),Overidea公式/オーバーライディア, ,"27,700","908,524"
423,VTuber AdPro廣告達人, , ,"27,500","5,864,068"
424,宇宙人Psyder, , ,"27,500","525,333"
425,幼龍埜ゆい, ,VGaming,"27,400","1,033,352"
426,Clarra Charlone(海外),Clarra Charlone Official, ,"27,400","903,865"
427,TEN,TENイシノマキ,転生組,"27,100","16,027,149"
428,アルム・フェルラーベン,アルム 虜獲得チャンネル,PinkPunkPro,"27,100","969,754"
429,成瀬鳴,成瀬 鳴,にじさんじ(SEEDs出身),"27,100","847,620"
430,夢魔ぺろり,夢魔ぺろりPerori Muma,順位をツイート,"27,000","2,256,249"
431,御来屋久遠,御来屋 久遠 -mikuriya 9on-,元ENTUM,"26,900","1,038,347"
432,Note: - Vsinger -, , ,"26,800","666,345"
433,羽宮のあ, ,OPEN BETA,"26,600","2,026,212"
434,可憐,「シスター・プリンセス」20周年チャンネル,順位をツイート,"26,600","1,503,256"
435,麗子ちゃんねる, , ,"26,600","463,002"
436,水科葵(みずしなあおい),水科葵の日常RPG,GEMS COMPANY,"26,400","1,756,832"
437,律可,Rikka ch.律可,ホロスターズ,"26,400","927,442"
438,虎妮(フニー),Hoonie friends,YahooTV,"26,300","2,246,671"
439,柾花音(まさきかのん),まかのん channel（仮）, ,"26,300","73,198"
440,花雲くゆり, ,星めぐり学園,"26,200","239,870"
441,夜の雑学 金美館通りの藤村さん, , ,"26,100","4,575,984"
442,緋笠トモシカ,緋笠トモシカ - Tomoshika Hikasa -,VOMS,"26,100","545,377"
443,ミディ,ミディ / 作曲バーチャルyoutuber,元ENTUM,"26,000","888,751"
444,ヌール,Noor【NIJISANJI IN】,NIJISANJI IN,"25,900","382,042"
445,根羽清ココロ,Cocoro Ch by ロート製薬, ,"25,700","1,345,619"
446,THE BINARY mido & あかまる, , ,"25,600","1,665,348"
447,紙代なつめ,Natsume Ch / 紙代なつめ【めるぷら】,めるぷら,"25,500","1,259,945"
448,桜月花音,のんちゃんねる【桜月花音】,upd8,"25,500","1,214,997"
449,バーチャルネットアイドルちゆ12歳,バーチャルネットアイドルちゆ12歳,順位をツイート,"25,200","1,917,056"
450,ジェイブ-VTuber-, , ,"25,100","525,933"
451,ゼア・コルネリア,ZEA Cornelia Ch.【NIJISANJI id】,NIJISANJI ID,"25,000","607,622"
452,悪魔のメムメムちゃんねる, ,順位をツイート,"24,800","742,882"
453,琴月てと,琴月てとチャンネル,順位をツイート,"24,700","2,107,930"
454,弐珠司,ふたたまちゃんねる, ,"24,700","1,404,824"
455,おさナズナ,おさナズちゃんねる -OsaNazu Channel-,Akihabara Lab,"24,500","1,116,951"
456,柚木玲奈,Reina Official Live, ,"24,400",0
457,千草はな,千草はな / Chigusa Hana,ぱりぷろ,"24,300","853,138"
458,シラクサアーカイブス, , ,"24,000","10,500,773"
459,小山内めい 小山内いちか,バーチャル園児-めいちゃんねる,upd8,"23,700","1,349,380"
460,ふらむChannel, , ,"23,500","20,422,770"
461,おいよ, , ,"23,500","1,415,867"
462,エルセとさめのぽき, , ,"23,500","1,357,341"
463,桜木建二,ドラゴン桜チャンネル, ,"23,300","2,182,659"
464,ゲヱム道館, ,順位をツイート,"23,000","1,820,596"
465,白宮みみ,白宮みみちゃんねる,あにまーれ,"23,000","627,404"
466,橘涼葉(たちばなすずは),橘 涼葉, ,"22,800","1,906,221"
467,榎宮祐, ,バ美肉,"22,800","108,197"
468,花芽なずな,なずちゃんねる,LVG/IBG,"22,500","1,256,415"
469,いるはーと,いるはーと,順位をツイート,"22,500","950,666"
470,メノ(Meno), , ,"22,400","16,020,833"
471,さはな,さはな【VTuber】, ,"22,400","2,230,824"
472,野々宮ののの,野々宮ののの / Nonono Nonomiya,花寄女子寮,"22,400","555,192"
473,ニーツ（VT-212）,ニーツちゃんねる,元ENTUM,"22,300","1,012,257"
474,KoyaBottons, , ,"22,300","881,962"
475,柚原いづみ(ゆのはらいづみ),Izumi Channel / 柚原いづみ 【あにまーれ】,あにまーれ,"22,300","619,734"
476,十刹那さん十寒色系voice。, , ,"22,100","1,267,398"
477,綺羅星ウタ,綺羅星ウタ/ウタちゃんねる,Re:AcT,"22,000","1,995,303"
478,石狩あかり,石狩あかり/あおぎり高校, ,"22,000","431,705"
479,歌衣イツミ,イツミちゃんねる, ,"21,800","453,400"
480,コグレピヨコ,コグレピヨコ / PIYOKO CHANNEL,WACTOR,"21,700","342,116"
481,カナタヒカリ,Kanata Hikari / LYTO, ,"21,600","3,080,642"
482,月下カオル(つきしたかおる),Kaoru Ch.月下カオル,ホロスターズ,"21,600","419,483"
483,緋色すもも, ,セガ,"21,500","1,399,771"
484,馬越健太郎,馬越健太郎チャンネル,岩本町芸能社,"21,300","1,459,005"
485,ぺぺろん,ぺぺろん /現役セクシー女優の異世界転生, ,"21,300","588,547"
486,Darin V, , ,"21,200","447,913"
487,HIMARI Channel, , ,"21,100","911,396"
488,cerita tessa(海外),cerita tessa, ,"21,100","458,229"
489,梔子スイ,梔子スイ / Sui Kuchinashi, ,"21,100","25,472"
490,カッパはんちょー, , ,"20,922",0
491,Pinky Fantastic, ,順位をツイート,"20,900","4,375,454"
492,バーチャルクラフター塩胡椒, , ,"20,900","1,977,268"
493,姫熊りぼん, ,Re:AcT,"20,800","1,219,289"
494,さょちゃん,Sayo Channel, ,"20,800","887,685"
495,ニー子ちゃんねる, , ,"20,800","479,343"
496,水菜月夏希,なつきちゃんねる*。/あおぎり高校, ,"20,700","146,627"
497,ハネたん魔法陣HeartTV, ,転生組,"20,600","7,513,655"
498,琴みゆり,琴みゆり/わいちゃんねる,Re:AcT,"20,600","1,560,899"
499,Paryi Channel, ,ぱりぷろ,"20,600","71,194"
500,Team双葉湖, , ,"20,500","1,755,794"
501,蒼乃ゆうき, ,Pictoria,"20,500","716,956"
502,天川はの(あまかわはの),天川はの,Re:AcT,"20,400","1,507,700"
503,REALITY Studio, ,WFLE,"20,400","957,605"
504,夜子・バーバンク,夜子・バーバンク / 映画紹介VTuber,Balus,"20,400","651,616"
505,柚木チャンネル ♡生放送専用♡, , ,"20,400","150,937"
506,あめのむらくもP Official Channel, , ,"20,300","1,777,102"
507,つのはねあかぎ 天目童心,天目童心Channel,upd8,"20,100","823,748"
508,小東ひとな(こひがしひとな),小東ひとな / Hitona Kohigashi,花寄女子寮,"20,100","638,650"
509,青猫*Vtuber＆ゆっくり*, , ,"19,900","4,902,351"
510,花野蜜,花野蜜【ENTUM所属】,元ENTUM,"19,900","710,622"
511,Eve,Eve scp,upd8,"19,800","453,483"
512,オッドアイ,/ ODDAIオッドアイ, ,"19,700","5,328,652"
513,バーチャルねこ, ,upd8,"19,700","2,119,723"
515,柚木凛,ゆずきチャンネル, ,"19,500","679,501"
516,蒔田陽丸,ひま食堂channel -HIMASHOKUDO channel-, ,"19,400","1,424,370"
517,毒のお兄さん, , ,"19,400","304,618"
518,Ryuki M426, , ,"19,300","7,518,500"
519,ミソシタ,poemcore tokyo, ,"19,100","2,303,299"
520,天羽よつは, ,VGaming,"19,100","1,887,093"
521,臓器悪い系バーチャルYouTuber狼娘ちゃんアットおどろく, , ,"19,100","1,332,694"
522,歌衣アズミ,アズミちゃんねる, ,"19,100","354,708"
523,FPSやめれないんだけどwwTV, , ,"18,800","1,120,834"
524,文化放送V&R, , ,"18,800","339,766"
525,VRScout, , ,"18,700","5,686,057"
526,双理マイ,双理マイ/マイちゃんねる, ,"18,700","1,479,131"
527,Vtuberシーエ, , ,"18,700","921,327"
528,佐藤麗華,佐藤麗華【22/7公式】,22/7,"18,700","560,330"
529,ぴろぱる, , ,"18,600","857,091"
530,キズナアイ(China),A.I.Channel China, ,"18,400","414,667"
531,タカ・ラディマン,Taka Radjiman Ch.,NIJISANJI ID,"18,100","525,291"
532,七瀬タク,七瀬タク-Official Channel-,Akihabara Lab,"18,000","1,144,177"
533,Ryuuseee Official, , ,"18,000","595,960"
534,しきぶTV, , ,"17,800","328,211"
535,神城くれあ(麗),神城くれあ/Kurea Channel【おとりざ】,元おとりざ,"17,700","814,994"
536,六道冥,地獄ちゃんねる,順位をツイート,"17,400","582,262"
537,軍師ミノル, , ,"17,300","1,882,887"
538,バーチャルエコノミスト 千莉, , ,"17,300","971,373"
539,姫宮ナオ-ゆっくりナオ, , ,"17,200","3,340,884"
540,Palette Project Channel, , ,"17,200","1,248,386"
541,花園セレナ, ,ぱりぷろ,"17,200","299,828"
542,《Virtual ASMRerS》 ASMR ・ボイスドラマ, , ,"17,100","4,872,151"
543,アンジェラ・フレイ, , ,"17,072",0
544,パンディ,パンディチャンネル,upd8,"17,000","668,195"
545,マールいわっか, , ,"17,000","498,926"
546,インサイドちゃん,インサイドちゃん, ,"16,900","1,031,250"
547,としおちゃんねる, , ,"16,900","205,529"
548,MIZUNO CABBAGE, , ,"16,800","1,806,904"
549,ポポナ,イドラチャンネル,セガ,"16,800","1,250,613"
550,アネネはVtuber, , ,"16,800","732,827"
551,Evelyn -Vtuber-, , ,"16,800","331,624"
552,Rook Austin, , ,"16,700","4,310,744"
553,loveちゃん・あいぴー(キズナアイ),love-pii channel【仮】, ,"16,700","61,767"
554,るあちゃんねる, , ,"16,600","2,379,061"
555,多々星シエル(ただせしえる),多々星シエル/シエルちゃんねる, ,"16,600","1,132,182"
556,ちゃんねるサーヤ, , ,"16,600","284,156"
557,餅月ひまり,ひまりちゃんねる, ,"16,500","8,699"
558,ゆっくり茶番探偵「田中」, , ,"16,400","3,352,561"
559,椿正義チャンネル, , ,"16,300","1,938,832"
560,パカエル / Pakael, , ,"16,300","846,791"
561,ReVdol!(リブドル!),『ReVdol!』公式チャンネル, ,"16,200","1,810,460"
562,星めぐり学園,星めぐり学園,星めぐり学園,"16,200","161,775"
563,桜美ゆな,Yuna Channel - 桜美ゆな -, ,"16,100","1,084,175"
564,滓残, , ,"16,100","79,835"
565,天導菜々蜜 Vtuberトシユキch, , ,"16,000","5,185,008"
566,夏目シシ,-シシチャンネル-Shishi Channel, ,"16,000","1,135,296"
567,鳳玲天々(ホウレイ・テンテン),Tenten Ch. / 鳳玲天々【めるぷら】,めるぷら,"16,000","545,808"
568,遥そらチャンネル, , ,"16,000","324,597"
569,永久累ちゃんねる, , ,"16,000","90,951"
570,皇噛ユカリ,Yukari Ch / 皇噛ユカリ【METEO】,Re:AcT男性部門,"15,800","3,310,745"
571,宇佐元杏奈,あんなチャンネル / Anna Channel, ,"15,800","939,903"
572,花芽すみれ,すーちゃんねる,LVG/IBG,"15,800","872,698"
573,奏手イヅル,Izuru Ch. 奏手イヅル,ホロスターズ,"15,800","495,101"
574,ナナホシすず,ナナホシすず Nanahoshi Suzu / エジエレキ edielec, ,"15,700","1,153,371"
575,チャンチョのゲーム部屋, , ,"15,700","971,745"
576,みゅみゅ, , ,"15,700","54,490"
577,千条アリア/ARIA PROJECT, , ,"15,600","967,199"
578,ころね ぽち,ころね ぽち -Pochi korone-, ,"15,600","920,082"
579,Wanna Join the Elle Cult?, , ,"15,600","254,532"
580,龍ヶ崎リン,Rene Channel / 龍ヶ崎リン 【シュガリリ】,シュガーリリック,"15,500","387,576"
581,クックパッドたん,クックパッドたん / Cooking Fairy, ,"15,500","311,387"
582,結目ユイ,結目ユイ【YuiTube】,AVATAR2.0,"15,500","190,946"
583,カオスロキ -Chaos Loki-, ,順位をツイート,"15,400","937,018"
584,Icotsu,ico通夜の黄泉巡りch,upd8,"15,400","697,344"
585,シア, , ,"15,300","6,648,390"
586,ヘル様,Hell Channel-ヘル様-,あいすらぼ,"15,300","532,316"
587,森永みう/Morinaga Miu, ,ぱりぷろ,"15,300","497,165"
588,現よみchannel, , ,"15,300","382,102"
589,河野都,河野都【22/7公式】,22/7,"15,300","277,493"
590,滝川みう,滝川みう【22/7公式】,22/7,"15,300","202,850"
591,KAMITSUBAKI STUDIO, ,神椿,"15,300","166,698"
592,真空管ドールズ フェルミ,真空管ドールズChannel, ,"15,200","1,717,592"
593,Siro(Game),Siro Games,.LIVE,"15,200","31,277"
594,ルチカ,ルル＝ルチカ,アマリリス組,"15,100","1,051,766"
595,アイスルメ, , ,"15,000","8,251,193"
596,双葉汐音,双葉汐音/しおちゃんねる, ,"15,000","1,097,943"
597,白咲べる / Bell Channel, , ,"15,000","854,875"
598,DD,DD channel,順位をツイート,"14,800","1,067,332"
599,瀬戸あさひ, , ,"14,800","1,014,664"
600,奇想天外あにびっと!, ,あにまーれ,"14,800","831,063"
601,山葵凛音(わさびりんね),山葵凛音,OPEN BETA,"14,700","1,530,513"
602,魔宵さきゅ, ,VGaming,"14,700","843,932"
603,こはるたいむ。, , ,"14,600","3,205,615"
604,日ノ森あんず,あんずちゃんねる/Anzu channel,バ美肉,"14,600","1,269,931"
605,kadokawagames, ,転生組,"14,500","6,306,918"
606,夜乃ネオン,Yoruno Neon Project,upd8,"14,500","425,246"
607,テトラ,テトラchannel, ,"14,500","416,421"
608,夜野とばり,とばりちゃんねる,空想コード+,"14,500","123,211"
609,みとまろゲームズ【夫婦でVtuber】, , ,"14,400","2,336,988"
610,環右金(たまきうこん),Channelタマキ., ,"14,400","320,134"
611,病井こころ,こころのリハビリちゃんねる,IRIAM,"14,400","228,266"
612,虎城アンナ,Anna Channel / 虎城アンナ 【シュガリリ】,シュガーリリック,"14,400","211,213"
613,がそりんチャンネル, , ,"14,300","8,758,724"
614,アンネと鵼の魑魅魍魎チャンネル, , ,"14,300","735,837"
615,丑牡てぃあ,丑牡てぃあ/Tia ch,順位をツイート,"14,300","441,142"
616,鳴神裁のもしもこの世界が平和だったら, , ,"14,300","292,057"
617,羽柴なつみ,Natsumi Channel / 羽柴なつみ 【あにまーれ】,あにまーれ,"14,300","213,957"
618,麻倉由衣,Asakura Yui Channel, ,"14,200","579,604"
619,獅子王クリス,Chris Channel / 獅子王クリス 【シュガリリ】,シュガーリリック,"14,200","231,809"
620,牡丹きぃ,牡丹きぃ, ,"14,200","198,001"
621,珠根うた,珠根うたChannel,GEMS COMPANY,"14,100","807,017"
622,水瓶ミア,水瓶ミア/ミアちゃんねる,Re:AcT,"14,100","731,296"
623,いわながちゃん(岩永太貴),いわながちゃん,にじさんじ(1・2期生),"14,100","308,505"
624,紙木絹,紙木絹チャンネル, ,"14,100","264,361"
625,かたりのアトリエ, , ,"14,100","249,311"
626,フィンダーおじさん, , ,"14,000","855,142"
627,ヤカ,YACA IN DA HOUSE, ,"14,000","811,910"
628,戸田ジュン,戸田ジュン【22/7公式】,22/7,"14,000","146,790"
629,はちゃちャンネル, , ,"13,900","599,669"
630,たまチャンネル, , ,"13,800","4,722,856"
631,小宙るる, ,順位をツイート,"13,800","1,006,408"
632,ReidenKasuka, , ,"13,800","443,370"
633,アミシア・ミシェラ,Amicia Michella【NIJISANJI id】,NIJISANJI ID,"13,800","302,573"
634,Takumi Desu, , ,"13,700","1,426,244"
635,がぶりえる-GabrielChannel-, , ,"13,700","975,774"
636,結城オト, , ,"13,700","854,565"
637,九条林檎,九条 林檎【Kujo Ringo Official】,AVATAR2.0,"13,700","469,614"
638,千羽黒乃, , ,"13,700","340,129"
639,Ryu phydrosamir, , ,"13,600","9,149,621"
640,理原ひなり,理原ひなり,アマリリス組,"13,600","855,218"
641,魔法少女ちあちあちゃんねる, , ,"13,600","600,665"
642,米プリンセス,米プリンセスチャンネル, ,"13,500","907,447"
643,ドットチャンネル./DotChannel., , ,"13,500","456,084"
644,ウルケン・ノース世紀末系VTuber, , ,"13,500","404,705"
645,屍鬼 Channel, ,順位をツイート,"13,500","133,802"
646,ゆい・かじ/Yui Kaji, , ,"13,400","2,562,252"
647,黒咲 ひな / Kurosaki Hina, ,順位をツイート,"13,300","798,848"
648,サクラメイ Channel, , ,"13,300","321,594"
649,さえきやひろ,やひろのおへや,IRIAM,"13,300","318,816"
650,一翔剣,一翔剣ちゃんねる, ,"13,200","1,437,132"
651,夕刻ロベル,Roberu Ch. 夕刻ロベル,ホロスターズ,"13,200","514,130"
652,琴吹ゆめ,Kotobuki Yume Official, ,"13,200","330,719"
653,SZK.chしずくちゃんねる, , ,"13,200","235,432"
654,丸山あかね,丸山あかね【22/7公式】,22/7,"13,100","129,712"
655,しぇいどch, , ,"13,000","2,236,314"
656,キツネDJ [9/1 -日- BDイベント・チケ発売中!! ], , ,"13,000","1,313,089"
657,Vtuberドーセット・アカホシ, , ,"13,000","1,117,526"
658,IpoChan Official, , ,"13,000","391,654"
659,레비 EIVE, , ,"12,900","894,769"
660,Ni-na(ニーナ),Ni-na Channel, ,"12,900","522,733"
661,ゆっくりガチャンネル, , ,"12,800","2,045,068"
662,アルランディス,Aruran Ch. アルランディス,ホロスターズ,"12,800","318,859"
663,白雪レイド,白雪レイドーReid Channelー,VGaming,"12,700","852,140"
664,コゲ犬放送局, ,順位をツイート,"12,700","803,250"
665,鏡見キラ,Kira Ch. 鏡見キラ,ホロスターズ,"12,700","204,931"
666,もつく, ,順位をツイート,"12,600","5,426,905"
667,ピースアパート, ,VEEMusic,"12,600","429,452"
668,立川絢香,立川絢香【22/7公式】,22/7,"12,600","106,289"
669,モロトフカクテル ゲーミング, , ,"12,500","3,955,894"
670,TIE FLAME, ,転生組,"12,500","1,838,744"
671,灰宮けい,Kei Channel -灰宮けい-,あいすらぼ,"12,500","424,499"
672,鷹森ツヅル, ,順位をツイート,"12,500","192,532"
673,福岡バーチャルぶらり旅よかとプロジェクトR, , ,"12,500","188,614"
674,GEMS COMPANY公式チャンネル, ,GEMS COMPANY,"12,400","1,011,162"
675,はちこ【VTuber】, , ,"12,400","427,288"
676,季咲あんこ,Anko Channel / 季咲あんこ 【ブイアパ】,ブイアパ,"12,400","397,480"
677,斎藤ニコル,斎藤ニコル【22/7公式】,22/7,"12,400","125,334"
678,メイカの漢気TV, , ,"12,400","52,531"
679,きのこむしの清楚なチャンネル, , ,"12,300","350,392"
680,姫咲ゆずる, ,のりプロ,"12,300",0
681,しろろ, , ,"12,200","306,605"
682,かくげー! / Fighting Games, , ,"12,100","4,441,708"
683,よなぐにさん, , ,"12,100","3,913,997"
684,市松人形Vtuber市松寿ゞ謡, , ,"12,100","866,890"
685,ねむ,ねむちゃんねる【バーチャル美少女YouTuber】,バ美肉,"12,100","720,591"
686,桜樹みりあ,桜樹みりあ-ゲーム部,Unlimited,"12,000","469,003"
687,由持もに(よしもち もに),由持もに,アマリリス組,"12,000","301,467"
688,KIRARA CHANNEL, , ,"11,900","348,833"
689,たくあん, , ,"11,800","6,097,404"
690,琴乃葉 雪乃。, , ,"11,800","1,076,210"
691,彩 まよい【ミリタリーVTuber】, , ,"11,700","477,083"
692,りむとまき channel, ,バ美肉,"11,700","472,348"
693,灰原あかね,Akane Channel / 灰原あかね 【あにまーれ】,あにまーれ,"11,700","123,237"
694,あやとボイス, , ,"11,700","68,960"
695,レッサーくん/バーチャルYouTuber, , ,"11,700","64,885"
696,ナイセンチャンネル naisen channel, , ,"11,600","1,267,476"
697,眠居りぃこ,-Nemui channel-眠居 りぃこ,フェレット女学院,"11,600","771,444"
698,LittleRinnyChan, , ,"11,500","1,403,514"
699,ツキト ハナ - Hana Tsukito -, ,WACTOR,"11,500","345,531"
700,花咲みやび,Miyabi Ch. 花咲みやび,ホロスターズ,"11,500","312,155"
701,塩天使リエル,塩天使ちゃんねる,upd8,"11,500","198,089"
702,柊椋[ひいらぎちゃんねる], ,バ美肉,"11,400","707,080"
703,来栖らいあ, , ,"11,400","460,163"
704,如月こより / KisaragiKoyori, , ,"11,400","148,398"
705,夏玥白夜, , ,"11,400","139,349"
706,カルミア,FF14カルミアチャンネル, ,"11,300","1,700,447"
707,肋谷清志郎,5000兆円欲しいチャンネル!, ,"11,300","820,165"
708,乙女おと,乙女おと / Otome Oto,ぱりぷろ,"11,300","318,311"
709,ニジキユイ/Yui-Virtual Singer-, , ,"11,200","1,679,067"
710,victream official, ,順位をツイート,"11,200","412,611"
711,44SUPER, ,順位をツイート,"11,100","824,896"
712,メエシカちゃんねる, , ,"11,100","650,041"
713,柴山あずき, ,OPEN BETA,"11,100","397,393"
714,虹乃まほろ,まほろチャンネル, ,"11,100","293,778"
715,ハイカラサウンド, , ,"11,000","1,350,416"
716,猫芒ベル(ねこのぎべる),猫芒ベル-Bell Nekonogi,ViViD,"11,000","437,638"
717,ミツルギリア,ミツルギリア LIA CHANNEL,WACTOR,"11,000","161,694"
718,クゥ・フラン・ゾーパー,クゥの部屋 Ch, ,"10,900","1,378,318"
719,ホタ チャンネル, , ,"10,900","1,177,974"
720,にじさんじデータ部, , ,"10,800","3,979,284"
721,るこ*ちゃんねる, , ,"10,800","2,179,476"
722,あくまのゴート, , ,"10,800","541,059"
723,夢川かなう,夢川かなう/Kanau ch,Re:AcT,"10,800","487,247"
724,柚子花,-yuzuha-柚子花, ,"10,800","192,592"
725,Freedom Modeler Channel, , ,"10,700","1,693,714"
726,AKARI UEHARA, , ,"10,700","772,830"
727,ゆあちゃんねる / Yua channel, ,バ美肉,"10,700","681,081"
728,バーチャルYouTuber蟹, , ,"10,700","380,139"
729,VRoadCaster,VRoadCaster, ,"10,700","374,180"
730,まるわかりチャンネル, , ,"10,600","1,549,958"
731,ホラーアカデミアン, , ,"10,600","168,630"
732,千代家ぷりり, , ,"10,600","102,052"
733,おぎの稔 MinoriOgino 議員系Vtuber【大田区】, , ,"10,600","96,780"
734,〜旅するバーチャルyoutuber〜動く城のフィオ, ,バ美肉,"10,500","707,634"
735,おうまゆう,おうまゆうOumaYuu,もちぷろ,"10,500","488,380"
736,ウワン,ウワン : UWAN CHANNEL!, ,"10,500","481,645"
737,アンチン星人,宇宙怪獣アンチンの侵略基地, ,"10,500","431,218"
738,バーチャル戦国武将おだのぶ, , ,"10,500","427,407"
739,レンチ【作曲系Vtuber】, , ,"10,400","714,428"
740,パゲ美,Channelパゲ美のバーチャルオカマ, ,"10,400","502,223"
741,草薙カレン, , ,"10,400","430,139"
742,花鈴すずめ,花鈴すずめ#ちゅん_Channel., ,"10,300","721,578"
743,デラ ハドウ,デラとハドウ Channel,upd8,"10,300","443,119"
744,ひなたChannel - Looop公式バーチャルYouTuber -, , ,"10,300","152,783"
745,月夜ソラ 夜桜カノン,月夜ソラ【ENTUM所属】,元ENTUM,"10,200","487,139"
746,羽子田チカ,Haneta Chika Channel羽子田チカチャンネル, ,"10,200","423,096"
747,鞍馬つむぎ,鞍馬つむぎ/Tsumugi ch, ,"10,200","352,786"
748,夢咲楓,夢咲楓-ゲーム部,Unlimited,"10,200","331,073"
749,うさます-藤ます-, ,バ美肉,"10,200","258,700"
750,ハート様,ハート様のはーとふるステーション, ,"10,100","240,271"
751,水瀬しあ,水瀬しあ【しあちゃんねる】,AVATAR2.0,"10,100","198,404"
752,ココロイチル,ココロイチル - Kokoro Ichiru -,WACTOR,"10,100","197,947"
753,白音ゆき,- Yuki Shirane -白音ゆきちゃんねる,Re:AcT,"9,980","90,917"
754,うそうま/千色いちる, , ,"9,970","1,500,134"
755,くるる幼稚園, ,順位をツイート,"9,950","989,177"
756,デリン(海外),데링TV, ,"9,930","614,432"
757,モスコミュール(モスおじ),Moscowmule Station,upd8,"9,890","251,426"
758,伊東悠人,ゆうとの部屋 Yuto's Room,順位をツイート,"9,870",0
759,模型娘もち子&餅もちお Hobby系Vtuber, , ,"9,810","667,483"
760,オニャンコポン, ,あふたーしーくれっと,"9,780","525,748"
761,舞鶴よかと,福岡グルメ三昧よかとちゃんねる, ,"9,740","172,892"
762,スパイト,スパイト-spite-【公式】, ,"9,740","9,451"
763,ARP,official ARP, ,"9,710","2,202,840"
764,七瀬すばる, , ,"9,710","139,591"
765,大正義なおきちゃんねる, , ,"9,660","1,967,595"
766,才媛テス子の実験室, , ,"9,650","602,189"
767,麻宮アテナ,麻宮アテナ KOFAS Official, ,"9,620","344,140"
768,結心愛(むすびここあ),結心愛_Vtuber,OPEN BETA,"9,580","529,380"
769,影山シエン,Shien Ch.影山シエン,ホロスターズ,"9,580","134,602"
770,サンドバッグ実験施設, , ,"9,560","677,180"
771,うわばみちゃんねる, , ,"9,550","5,432,766"
772,佐久間 ねむ*Nemu ch.*, , ,"9,540","210,032"
773,F.Tさやか, , ,"9,530","1,447,294"
774,Vtuber城星譲友&VIC, , ,"9,530","461,999"
775,おじきちゃんねる_独眼P, , ,"9,520","747,564"
776,きらチャンネル[旧], , ,"9,490","2,415,222"
777,チャクちゃんಇChaku ASMR, ,順位をツイート,"9,480","1,180,646"
778,イフリートゼノ, , ,"9,450","937,012"
779,富士葵(歌),あおい'sきっず -あおいずきっず-,Smarprise,"9,450","229,710"
780,ミユ・オッタヴィア,Miyu Ottavia 【NIJISANJI id】,NIJISANJI ID,"9,450","166,189"
781,尊み秀吉, , ,"9,390","6,705,712"
782,みるくぷりん,みるくぷりん,アマリリス組,"9,366","182,747"
783,たかじんちゃん,たかじんちゃんねる【バーチャルyoutuber】, ,"9,330","132,843"
784,Kvante Karina, , ,"9,310","553,987"
785,ユメノツキミ,ツキミユメノ, ,"9,310","289,005"
786,SatouHolmes Ch.佐藤ホームズ, , ,"9,310","250,263"
787,ルミナスタジオ (Luminous=studio), , ,"9,300","3,690,449"
788,かばんちゃんねる, , ,"9,260","852,743"
789,岸堂天真(きしどうてんま),Temma Ch. 岸堂天真,ホロスターズ,"9,240","194,903"
790,高峰伊織トマト組Vチャンネル, , ,"9,220","221,048"
791,兒玉菜生(こだまなお),兒玉 菜生 -Nao Channel-, ,"9,200","1,316,897"
792,パコチャンネル -Paco Channel-, , ,"9,160","610,891"
793,星天ちゃんねる, , ,"9,080","177,675"
794,2軒目から始まるラジオ, , ,"9,060","263,224"
795,八月二雪,八月二雪チャンネル,順位をツイート,"9,050","502,089"
796,葉山みどチャンネル/Hayama Mido Ch., ,バ美肉,"9,040","277,611"
797,固体量子-こたいりょうこ-, , ,"9,020","455,418"
798,K’WA(海外),KITSUNEKON,upd8,"9,020","364,475"
799,LALALAちゃんねるせかんどっ!, , ,"8,990","1,137,790"
800,かみだよ., ,IRIAM,"8,990","56,383"
801,石村ヒガシIshimuraHigashi, , ,"8,900","2,335,958"
802,ゆにゆにこ,ゆにゆにこ/uniunico, ,"8,900","368,955"
803,由宇霧 プレイランド, ,順位をツイート,"8,890","59,967"
804,カヘルチャンネル, , ,"8,870","151,349"
805,花守へるし,Healthy Ch. / 花守へるし【めるぷら】,めるぷら,"8,850","153,233"
806,あにま【2.5次元の住人】, , ,"8,840","2,486,254"
807,星園かのん, , ,"8,830","479,165"
808,ネア,ネアちゃんねる, ,"8,810","412,071"
809,Mia Canasyna, , ,"8,760","229,193"
810,神野たね,神野たね / Kamino Tane,もちぷろ,"8,750","266,956"
811,宇宙物理たんbotのアストロフィジカルトーク, , ,"8,740","189,224"
812,星宮とと, , ,"8,720","307,247"
813,りとちゃんねる, ,順位をツイート,"8,690","495,744"
814,にじさんじID公式,NIJISANJI ID Official,NIJISANJI ID,"8,660","211,318"
815,凪尾games, ,転生組,"8,620","2,296,828"
816,マシマヒメコ,となりの研究生マシマヒメコ。,サンリオ,"8,610","298,482"
817,アイムソラ,I'm Sora Project, ,"8,600","162,147"
818,璐洛洛 Ruroro【人造人Vtuber】, , ,"8,590","491,464"
819,로링쨩냥냥, , ,"8,560","651,294"
820,ジョン///, , ,"8,550","5,839,425"
821,陽向ここみ*Cocomi Channel, , ,"8,520","187,479"
822,きなこ 柊彩香,きなこ成長日記,Unlimited,"8,510","131,813"
823,向日葵なっつ, , ,"8,490","640,849"
824,葉邑ゆう,ゆーはむチャンネル, ,"8,460","395,212"
825,たったそちゃんねる / tattaso Channel, , ,"8,430","1,365,684"
826,雪待つばき,雪待つばきのはーちゃんねる,バ美肉,"8,410","890,330"
827,魔王ヘルネス, , ,"8,390","34,918"
828,勇凪エレナ / Elena Yunagi, ,ViViD,"8,320","286,733"
829,大蔦エル,ツタエルちゃんねる / tsuta-l channel,よんしー,"8,300","443,122"
830,ウィル・ウィスタリア, ,順位をツイート,"8,270","214,796"
831,雛瀬さくら,雛瀬さくら,アマリリス組,"8,270","184,126"
832,upd8チャンネル, ,upd8,"8,240","273,278"
833,ネコケン,メイン垢は移動した!, ,"8,240","11,683"
834,모아 EIVE, , ,"8,200","387,926"
835,尸解ユヱ,sikai Yue Ch. 尸解 ユヱ, ,"8,190","391,118"
836,SDGsマン, , ,"8,180","1,143,749"
837,獅堂リオ,【Atelier Fräulein】獅堂リオ,順位をツイート,"8,180","665,683"
838,愛犬茶々丸【MarbleCreators】, ,順位をツイート,"8,160","223,256"
839,秘密結社シュヴァルツシルト, , ,"8,160","48,455"
840,水無瀬るい,minase rui, ,"8,150","298,757"
841,夜霧メイ,夜霧メイ/メイちゃんねる, ,"8,140","325,906"
842,泡沫メモリ / Utakata Memory, ,ViViD,"8,140","200,250"
843,此ノ木よしる - このぎよしる, ,順位をツイート,"8,120","184,866"
844,清露イクナ,Kiyotsuyu Ikuna Room, ,"8,060","202,811"
845,るいとも, , ,"8,010","2,330,096"
846,【SO CUTE】PLUSH FUNNY SHORT MOVIE, , ,"8,000","12,466,410"
847,リオネル・エレオノール・ド・シィアニア, ,Akihabara Lab,"8,000","155,878"
848,grawori ch., ,順位をツイート,"7,990","1,495,252"
849,幡多乃ちゃろ, ,VGaming,"7,970","556,140"
850,栗山やんみ, ,VGaming,"7,970","475,691"
851,テレみTeremi, ,バ美肉,"7,960","3,981,693"
852,魔希みちるチャンネル, , ,"7,930","794,863"
853,天秤はかり,天秤はかり/Hakari ch, ,"7,930","221,177"
854,奏MiMi,MiMi_KANADE,Smarprise,"7,910","330,239"
855,四ツ辻まよい,四ツ辻まよい,アマリリス組,"7,910","317,346"
856,しもの。, , ,"7,880","1,378,520"
857,桃箱ちゃんねる, , ,"7,874","1,000,651"
858,Helio4, , ,"7,870","3,677,947"
859,たかさき咲/takasaki_sister, ,バ美肉,"7,860","50,929"
860,とぅーら,とぅーらちゃんねる, ,"7,850","180,910"
861,黒乃くれは Kureha Kurono / Vtuber from JPN, , ,"7,850","156,635"
862,Loli Squad, , ,"7,760","273,084"
863,美波七海 Minami Nami, , ,"7,760","172,547"
864,レオタードブタ, , ,"7,750","171,027"
865,紅谷リア, , ,"7,740","344,280"
866,Eggたまご【22/7公式】, ,22/7,"7,740","80,547"
867,朝陽にいな,にいなちゃんねる / NinaChannel, ,"7,730","558,259"
868,矢野トシノリ, ,順位をツイート,"7,710","1,068,141"
869,道明寺晴翔,道明寺晴翔-ゲーム部,Unlimited,"7,700","161,223"
870,リア,RIA Channel, ,"7,680","389,114"
871,更科有造, , ,"7,666","1,537,129"
872,シアシスターズ(シア・ビビ シア・ラミ),シアシスターズ *Shia Sisters, ,"7,660","532,005"
873,由縁ミナ 由縁アヤ,AyaMina Games,順位をツイート,"7,660","440,009"
874,ルォ・テンイ,洛天依 - Luo Tianyi, ,"7,650","1,643,919"
875,鈴音(りんね),すずねじゃないよりんねだよ。,順位をツイート,"7,650","607,271"
876,Aicia Solid Project, , ,"7,650","238,509"
877,もずベエ はゃにぇ,もずとはゃにぇ,順位をツイート,"7,610","3,229,463"
878,小雀とと, ,LVG/IBG,"7,610","410,521"
879,白花伝伯爵,白花伝伯爵 日立の家電 公式VTuber, ,"7,600","844,088"
880,イヌージョンCHANNEL, , ,"7,590","315,853"
881,綾胸エリ, , ,"7,590","236,680"
882,せいかみち,Michi Channel-せいかみち-,あいすらぼ,"7,560","164,285"
883,花琴いぐさ【妖怪ちゃんねる】, , ,"7,530","124,725"
884,一恵 1年E組, , ,"7,450","849,800"
885,じーえふちゃん, , ,"7,450",0
886,紡絆にあ(つむぎにあ),にあちゃんねるっ! [紡絆にあ],IRIAM,"7,410","89,979"
887,Sapphy Stars, , ,"7,400","1,916,420"
888,シン・ユヤ,신유야 / Yuya Shin 【NIJISANJI KR】,NIJISANJI KR,"7,310","160,637"
889,荒咬オウガ(あらがみおうが),Oga Ch.荒咬オウガ,ホロスターズ,"7,290","67,080"
890,あんこチャンネル, , ,"7,230","75,784"
891,紡音れい,Rei Channel / 紡音れい,ZERO Project,"7,220","165,975"
892,キョウさんライダー, , ,"7,210","701,302"
893,ゼン, , ,"7,210","290,823"
894,風見涼,風見涼-ゲーム部,Unlimited,"7,210","145,765"
895,シテイルチャンネル, , ,"7,200","252,444"
896,魔界の一般人シャレトン, , ,"7,190","267,300"
897,有栖川ありす,有栖川ありす [VTuber], ,"7,180","185,048"
898,彩音れおん,Vtuber彩音れおんちゃんねる,VEEMusic,"7,160","139,892"
899,暁ちあき,暁ちあき,ぱりぷろ,"7,160","58,718"
900,らんまるちゃん,Ranmaru / らんまるちゃんねる, ,"7,150","408,466"
901,ゆきはね公式チャンネル, , ,"7,140","799,657"
902,Comdost, , ,"7,130","135,468"
903,Vtuberロロコ, ,順位をツイート,"7,120","492,768"
904,アステル・レダ,astel ch.アステル,ホロスターズ,"7,080","171,770"
905,響ゆい / Yui Channel, , ,"7,060","226,839"
906,ゆっくりクール, ,順位をツイート,"7,010","1,188,222"
907,めんだこちゃんMendakoChannel, , ,"6,980","255,527"
908,ゆめ心中(ゆめここな),かまってちゃんねる,IRIAM,"6,960","197,454"
909,雎雪待(みさごゆきまち),雎雪待,ユメノグラフィア,"6,940","83,203"
910,ナツモモchannel, , ,"6,930","252,698"
911,ぐるみぃTERA-MMD ElinsDanceMovie, , ,"6,930","206,165"
912,夢咲刻夜,夢咲刻夜Vtuber時夜,順位をツイート,"6,910","1,852,071"
913,ホロライブetc 切り抜き 動画, , ,"6,890","16,715,915"
914,アモン・フロックハート,Café and Bar Dante's Peak - ダンテズピーク,WFLE,"6,880","329,426"
915,Yoshina Project, , ,"6,870","196,793"
916,温泉むすめ公式, , ,"6,820","758,401"
917,マジョノカ渚, , ,"6,810","284,467"
918,あいえるちゃんねる/株式会社インフィニットループ, ,順位をツイート,"6,800","531,555"
919,本山らのチャンネル, , ,"6,770","186,810"
920,まつしまはつねのゲームチャンネル, , ,"6,760","602,239"
921,熊谷タクマ,Kumagaya Takuma熊谷タクマ,のりプロ,"6,760",0
922,あおあか学園放送, , ,"6,750","152,698"
923,唯牙コハク,Kohaku Ch / 唯牙コハク【METEO】,Re:AcT男性部門,"6,740","386,034"
924,竹取かるた(夢),竹取かるた/Karuta Channel【おとりざ】,元おとりざ,"6,740","222,551"
925,多々星 カイリ, , ,"6,740","193,897"
926,ばーちゃるあんとちゃんねる, , ,"6,740","69,332"
927,二和餅あんこ, ,ViViD,"6,680","181,594"
928,門矢士(もやし),天道もやしVtuber, ,"6,670","291,626"
929,RAY WAKANA, , ,"6,650","498,879"
930,ホロスターズ公式, ,ホロスターズ,"6,650","33,301"
931,小早川奈奈,小早川奈奈/奈々【VEgo魔法実習Vtuber】,VEgo,"6,640",0
932,咲乃もこ【SakinoMoco】, , ,"6,610","270,179"
933,宇佐美ユノ,宇佐美ユノみんチャンネル,Re:AcT,"6,610","177,728"
934,ミミック, , ,"6,610","141,588"
935,鳴門こがね, , ,"6,590",0
936,ゆるツー企画, , ,"6,580","778,016"
937,ナナシアちゃんねる, , ,"6,580","533,224"
938,shanoa *ASMR, , ,"6,550","163,010"
939,苺病くすり【MarbleCreators】, ,順位をツイート,"6,540","195,030"
940,実況部屋キラキラゲーム, , ,"6,530","855,899"
941,津軽ねぷこch, , ,"6,530","100,552"
942,ねむれるCH/Vtuber, , ,"6,520","1,092,226"
943,御門モモ, , ,"6,520","390,010"
944,けっとしーうぇはす-復活Vtuber, , ,"6,520","101,762"
945,音無りずむ,LIZM, ,"6,520",0
946,雷輝アンタレス,エレキチャンネル,IRIAM,"6,500","257,951"
947,胡間シバリ(こましばり),シバリ胡間,IRIAM,"6,480","173,519"
948,公野ゆめか,Kimino Yumeka Official, ,"6,480","99,236"
949,クロスフレア,X enc'ount channel, ,"6,470","240,015"
950,なまほしちゃん, , ,"6,470","95,584"
951,Seira Hoshiame, , ,"6,460","1,527,365"
952,朝宮ゆり, ,Akihabara Lab,"6,440","222,725"
953,キランユウ,寺悠迅, ,"6,430","226,254"
954,ユニティちゃん,unity-chan!, ,"6,430","109,987"
955,YORIMIYA, , ,"6,420","4,593,953"
956,リンリン スマホ少女, , ,"6,420","796,373"
957,ひなの羽衣(ひなのうい),ひなの羽衣 / Hinano Ui, ,"6,420","291,186"
958,もんぬサマー, , ,"6,410","6,671,985"
959,しんらしんげshinrashinge, ,順位をツイート,"6,410","792,584"
960,あまねそよぎ, ,ぶいらいぶ,"6,410","164,613"
961,オーキードーキ王国, , ,"6,380","330,189"
962,리에 EIVE, , ,"6,380","239,174"
963,リクサ・ディレンドラ,Riksa Dhirendra【NIJISANJI ID】,NIJISANJI ID,"6,370","121,457"
964,Asage【登録者1万人チャレンジ】, , ,"6,360","3,982,835"
965,わいみチャンネル, ,順位をツイート,"6,320","958,479"
966,GALDE’rLa, , ,"6,320","225,025"
967,りるちゃん, ,IRIAM,"6,320","90,444"
968,空白ナツメ,空白ナツメ-Natsume Ch-, ,"6,280","670,007"
969,陽咲ゆま,ゆまぴよch【陽咲ゆま】, ,"6,270","3,588"
970,ほりくろ動画投稿チャンネル, , ,"6,260","328,737"
971,ファイ博士,ファイ博士φ電脳サイエンティスト, ,"6,250","172,097"
972,長谷みこと(はせみこと),みことみーてぃんぐ!,GEMS COMPANY,"6,240","304,601"
973,[IA & ONE OFFICIAL] Virtual Broadcast, , ,"6,220","152,145"
974,ライラ・アルストロエメリア,Layla Alstroemeria [NIJISANJI ID],NIJISANJI ID,"6,190","106,344"
975,ライ・ガリレイ,Rai Galilei【NIJISANJI id】,NIJISANJI ID,"6,190","75,872"
976,ENA,エナ / ENA 【541 E&C】,ぱりぷろ,"6,160","87,879"
977,こーじのゲーム部屋, , ,"6,130","175,673"
978,夜の軽バズりみみたろうChannel, , ,"6,130","154,799"
979,紙木はさみ,紙木はさみちゃんねる, ,"6,120","201,409"
980,WHITEHOLE, , ,"6,110","445,439"
981,"LIPLIP (Yujiro, Aizo/CV: Uchiyama Kouki, Shimazaki Nobunaga) - Topic", , ,"6,100","320,264"
982,比良坂芽衣, , ,"6,100","122,147"
983,ハクヤ/ Hakuya バーチャルYouTuber, , ,"6,090","213,511"
984,せんのいのりchannel, , ,"6,090","173,909"
985,エリカ, ,IRIAM,"6,070","160,188"
986,兔姫UsagiHime, ,順位をツイート,"6,070","80,481"
987,Hanagasa Ilya花笠イリヤ チェリ高帰宅部 /, , ,"6,030","623,848"
988,バーチャルYouTuberツーコ2106, , ,"6,030","556,930"
989,アベレージChannel, , ,"6,010","299,420"
990,環左金『CHANNEL SACON』, , ,"6,010","214,957"
991,星菜日向夏,星菜日向夏のゼロ時間目,GEMS COMPANY,"5,990","235,327"
992,#방해금지, , ,"5,980","1,079,754"
993,ちゃらんぽらん隊, , ,"5,980","202,593"
994,うつぎさわーるど/宇津木沙和, , ,"5,980","146,396"
995,けんまちゃんねる, , ,"5,970","110,373"
996,古守ちゆ,/古守ちゆ/komori chiyu,ぱりぷろ,"5,960","98,440"
997,白桜みこの(はくらみこの),はくらみこのちゃんねる,IRIAM,"5,930","382,233"
998,Arcadia L.E. Projectバリトンエルフ, , ,"5,880","1,800"
999,最上さくや〈もがみさくや〉ASMR, , ,"5,870","577,546"
1000,黒咲りん(今日は何の日),りんの今日は何の日, ,"5,870","378,669"
1001,江戸レナEdo Lena, , ,"5,860","313,011"
1002,MOMENTチャンネル, , ,"5,860","204,944"
1003,あけさとチャンネル - Akesato Channel, , ,"5,830","280,104"
1004,にししゃん, , ,"5,820","87,364"
1005,漆丸チャンネル, ,順位をツイート,"5,810","882,581"
1006,ちるま / Chilma音楽チャンネル, , ,"5,810","448,115"
1007,ルピナスLupinus*Channel, , ,"5,800","68,881"
1008,紗樹万咲,紗樹万咲 / Saki Masaki,空想コード+,"5,790","93,776"
1009,肯定ちゃんと否定ちゃん。Vtuber channel, , ,"5,780","418,480"
1010,いも栗Channel, , ,"5,780","203,733"
1011,NN Project, , ,"5,780","192,309"
1012,ソフィア コード,そふぃらいちゃんねる,IRIAM,"5,770","5,427"
1013,まるるんずチャンネル, , ,"5,750","247,911"
1014,紫音VGチャンネル, ,順位をツイート,"5,740","219,097"
1015,猿楽町双葉,FutabaCh. 猿楽町双葉, ,"5,730","87,984"
1016,みしろん, ,順位をツイート,"5,720","303,340"
1017,samayuzame, , ,"5,720","254,281"
1018,second, , ,"5,710","2,667,879"
1019,チェリ高帰宅部, ,upd8,"5,710","420,093"
1020,HIKKY,HIKKY Officials, ,"5,710","258,367"
1021,雨町わたげ,雨町わたげ Amemachi Watage,もちぷろ,"5,710","126,679"
1022,花咲アヤメ,花咲アヤメ,空想コード+,"5,690","37,565"
1023,星乃歌カズ,星乃歌カズ/Kaz Hoshinouta,VEEMusic,"5,660","373,155"
1024,Hikari Popova Channel, , ,"5,660","161,309"
1025,七海 波音 nanami hanon, , ,"5,660","42,092"
1026,天音マホ,Amane Maho / 天音マホ,upd8,"5,640","150,933"
1027,バーチャルモデラー時雨1213, , ,"5,630","1,436,812"
1028,聖女れりあ, , ,"5,620","160,831"
1029,股間戦士エムズーン,チャンネルデリケアエムズ, ,"5,580","11,252,843"
1030,よしださきちゃんねる！, , ,"5,570","1,021,783"
1031,ありさ,ありさのげーむべや,らいとあっぷ,"5,570","424,778"
1032,チャンネル登録者の数だけポリゴン数が増えていくVtuber, , ,"5,570","113,806"
1033,夢野千春, , ,"5,550","2,785,398"
1034,白二郎とアライグマ博士, , ,"5,550","223,954"
1035,人間と永遠-ひとととわ-, , ,"5,530","89,671"
1036,雪丸玖/玖号室, , ,"5,530","62,682"
1037,きせり1号, , ,"5,520","794,214"
1038,奈日抽ねね,ねねとゆかいな仲間たち,GEMS COMPANY,"5,520","330,446"
1039,"アニメチャンネル by Lide, Inc.", , ,"5,510","2,366,707"
1040,メタキャット, , ,"5,490","387,771"
1041,遠野莉緒奈,遠野 莉緒奈【Date Links!】,Date+Links!,"5,470","358,352"
1042,雛見沢くるみ, ,元ぴぐまりおん。,"5,470","125,745"
1043,バーチャルきくらげ, , ,"5,470","122,828"
1044,大田マト, ,順位をツイート,"5,470","97,407"
1045,世界クルミ JKChannel, , ,"5,460","305,495"
1046,はなつぐ, , ,"5,450",0
1047,真白くま, , ,"5,430","82,139"
1048,音羽雫,音羽雫の「頑張りすぎない!ちゃんねる」,GEMS COMPANY,"5,420","255,353"
1049,Mia,Mia Channel,IRIAM,"5,400","49,268"
1050,星宮ぐみ,ぐみちゃんねる, ,"5,370","153,438"
1051,朝霞しお, ,元ぴぐまりおん。,"5,370","101,642"
1052,音崎リタちゃんねる, , ,"5,370","83,217"
1053,サムズ・ボボ親指系vtuber, , ,"5,370","64,267"
1054,天使リリエル-Amatsuka Lilyel-, , ,"5,330","236,330"
1055,胡桃のあ, ,LVG/IBG,"5,330","82,156"
1056,マシーナリーとも子,machinery_TOMOKO,順位をツイート,"5,320","1,500,363"
1057,Nowhere -終末少女-, , ,"5,320","81,175"
1058,朝ノ瑠璃【清楚】, , ,"5,310","29,887"
1059,燈火ミリ,燈火ミリ/Mili_Channel,空想コード+,"5,293","19,876"
1060,Fairy mint channel / ミント【苺だいふく】, , ,"5,290","299,798"
1061,Re:A projecT, ,Re:AcT,"5,270","243,278"
1062,YumemiChannel, , ,"5,270","207,859"
1063,レン, , ,"5,260","4,263,936"
1064,小田管男, ,IRIAM,"5,240","159,547"
1065,れらたん,れらたん, ,"5,220","574,424"
1066,久遠藍, ,IRIAM,"5,220","43,739"
1067,Aya Kagura, , ,"5,210","383,809"
1068,最上レン, , ,"5,200","490,588"
1069,銀めくる(しろがねめぐる),めくちゃんねる, ,"5,200","128,161"
1070,蹴球夢,FCGIFUTV, ,"5,190","2,225,874"
1071,【OZ】まーちゃん先輩, , ,"5,190","623,212"
1072,秋里夢女子 《みのりゆめこ》Vの民, , ,"5,170","143,899"
1073,観田ムヴィ(Re:moview), , ,"5,160","1,197,936"
1074,巣黒るい,すくろーるちゃんねる!!! ／ 巣黒るい,順位をツイート,"5,150","162,306"
1075,響木アオ(サブ),Hibiki Ao 2nd,upd8,"5,150","46,561"
1076,Fortnite海外プレイClips, , ,"5,140","2,573,441"
1077,有都あらゆる, , ,"5,130","21,472"
1078,スポンジノブ, , ,"5,120","120,396"
1079,ぶっちゃんねる, , ,"5,090","502,196"
1080,どうぶつのともだち。, , ,"5,090","198,527"
1081,ぽんちゃんねる。, , ,"5,080","753,092"
1082,ロイヤルタイム, , ,"5,080","700,829"
1083,ダンディジョージのハンサムチャンネル, , ,"5,080","437,326"
1084,兎紗みみ,Usamimi Channel, ,"5,050","373,101"
1085,アディア,Aadya【NIJISANJI IN】,NIJISANJI IN,"5,050","75,446"
1086,エンジンかずみ, ,upd8,"5,040","1,488,617"
1087,小花衣 ももみ / Momomi Kohanai, , ,"5,020","214,834"
1088,胡桃いく * もふかごちゃんねる *, ,順位をツイート,"4,990","208,645"
1089,クロイリク kuroi_riku_channel, , ,"4,990","60,198"
1090,Vtuberねき, , ,"4,980","364,052"
1091,長兎路こより,【Koyori Channel】こよりチャンネル, ,"4,980","56,683"
1092,Games屍鬼, ,順位をツイート,"4,970","714,790"
1093,黒音よみ,黒音よみTV,Re:AcT,"4,960","101,361"
1094,みるみるぷりん,みるみるぷりんChannel, ,"4,960","84,172"
1095,アズラ・セシリア,Azura Cecillia 【NIJISANJI ID】,NIJISANJI ID,"4,940","72,026"
1096,水凪自由,水凪自由,VEEMusic,"4,920","73,765"
1097,白鳥天羽【バーチャル百合お嬢様】, , ,"4,910","84,533"
1098,MetamoeTube, , ,"4,900","303,595"
1099,逢坂まの, , ,"4,890","102,466"
1100,とりしまり, ,順位をツイート,"4,880","4,017,404"
1101,冷水ぬるめ/歌う女子高生の作曲VTuber, , ,"4,870","81,479"
1102,七草くりむ / Crim Nanakusa, , ,"4,860","142,957"
1103,眠居ふわり,眠居ふわりのふわり塾,WFLE,"4,850","128,191"
1104,安堂いなり channel, , ,"4,840","103,028"
1105,NANARIKA Channel, , ,"4,830","81,329"
1106,ぴーす, , ,"4,810","1,044,060"
1107,ナラ・ハラマウン,Nara Haramaung 【NIJISANJI ID】,NIJISANJI ID,"4,810","62,868"
1108,九重このの,Conono Ch -九重このの!-,もちぷろ,"4,780","82,269"
1109,Azatu _VTuber, , ,"4,775","4,342"
1110,kei efu, , ,"4,770","2,157,411"
1111,夜枕ギリー, ,順位をツイート,"4,770","297,500"
1112,魔法少年 -いちゅぴーす, , ,"4,760","190,606"
1113,ニパ子,ゴッドハンドムービー,転生組,"4,760","67,449"
1114,SML - Shade Music Laboratory - Channel, , ,"4,730","799,223"
1115,ひだまりラリアット, , ,"4,730","246,331"
1116,Nightmare ch -soirée-, , ,"4,730","54,010"
1117,Mizuna Channel, ,IRIAM,"4,720","246,622"
1118,幽霊少年 100菌, , ,"4,700","240,722"
1119,桃星愛花,桃星愛花 -まなちゃんねる,UUUM,"4,690","230,470"
1120,桃知みなみ,MINAMI MOMOCHI, ,"4,690","209,706"
1121,苺葉ふえ/15PAFE channel, , ,"4,690","128,298"
1122,アエルちゃんねる, , ,"4,690","99,606"
1123,格闘ゲーム激うま天帝バーチャルユーチューバー犬, , ,"4,680","581,638"
1124,Yunomi Yuno Official, , ,"4,680","164,993"
1125,猟師あいちゃん, ,順位をツイート,"4,680","161,992"
1126,ちゃんねるうるめ, , ,"4,680","104,944"
1127,天曰ひよ, , ,"4,670","142,545"
1128,双成いなりのふたなりちゃんねる, , ,"4,670","13,185"
1129,バーチャル男の娘藍原八千夜, , ,"4,660","145,472"
1130,迅雷 蒼/あお-プラモとイラスト好き, , ,"4,640","5,400,063"
1131,榊つねこちゃんねる, , ,"4,630","88,018"
1132,MASO CHANNEL, , ,"4,620","1,075,805"
1133,バーチャルおじいちゃん / G3Games, , ,"4,620","388,143"
1134,Noel Channel / 社居ノエル, , ,"4,610","843,671"
1135,縁楽九十九骨董店, ,順位をツイート,"4,600","58,932"
1136,おっちーGAMES, ,順位をツイート,"4,590","3,749,230"
1137,塔綾絲ʕ•ᴥ•ʔタリンス, ,VEgo,"4,590","9,850"
1138,陽夏のの,陽夏のの/HinatsuNono,順位をツイート,"4,580","98,148"
1139,キキちゃんねる, , ,"4,570","106,251"
1140,今酒ハクノの二次会さぶちゃん, , ,"4,570","86,552"
1141,テイリ/Noa Nikaido, , ,"4,550","707,707"
1142,噂ノのろいちゃんねる, , ,"4,540","158,071"
1143,BlueArpeggio, , ,"4,530","1,441,454"
1144,星名こむ,Hoshina Com Channel, ,"4,530","351,435"
1145,食べる大谷さん, , ,"4,530","108,855"
1146,えるきらチャンネル, , ,"4,530","95,381"
1147,家守ふみ の 遊び部屋, , ,"4,520","1,149,194"
1148,小日向りゅーじ, ,VEEMusic,"4,520","79,606"
1149,碧色のMIMI -DIVE LIVE JAPAN-, ,順位をツイート,"4,520",0
1150,猫田かぶり/kaburiChannel, , ,"4,500","301,664"
1151,Pixelko.Dot & Field, , ,"4,500","53,707"
1152,雪之ジョー, , ,"4,490","1,938,632"
1153,寧々寝あげは,寧々寝あげは【ねねねぇちゃん寝る】, ,"4,480","293,328"
1154,ぷりもう《 irohiza 》, , ,"4,460","1,200,168"
1155,かみゅ, , ,"4,460","473,978"
1156,〇〇のうた, , ,"4,450","898,818"
1157,オボロリュウ,オボロリュウ バーチャルYouTuber, ,"4,450","181,730"
1158,実況司会者ケモノ外交官ゆきんこ, , ,"4,430","120,567"
1159,Lime,Lime Channel,WFLE,"4,410","94,199"
1160,/Chisuzu Mei千鈴めい, ,ぱりぷろ,"4,390",0
1161,NOΔH, , ,"4,370","142,498"
1162,キミコチャンネル, , ,"4,370","47,238"
1163,なちゅモカ / Nachumocha Channel, , ,"4,360","1,175,610"
1164,ワタシch, , ,"4,340","2,582,791"
1165,のえろちさん と さきゅば のえ - VTuber準備中, , ,"4,340","72,056"
1166,陶音まの / 陶大知之FIL三部曲 : 倉科明日香單推, , ,"4,320","1,355,971"
1167,保崎メンマ,Hosaki Menma Channel, ,"4,310","507,881"
1168,小花衣しぃ, , ,"4,310","29,480"
1169,らむ太郎, , ,"4,300","1,000,035"
1170,電脳寺レト,レトちゃんねる, ,"4,300","289,782"
1171,黒桐アリア,黒桐アリアちゃんねる, ,"4,300","83,115"
1172,八乙女のえ / YaotomeNoe, , ,"4,300","20,764"
1173,ねこみみみ / nekomimimi, , ,"4,290","1,579,990"
1174,薄紅のMOA -DIVE LIVE JAPAN-, , ,"4,280","341,140"
1175,タカヒメアオイのFXちゃんねる, ,順位をツイート,"4,280","261,772"
1176,こぐまろチャンネル, , ,"4,280","111,030"
1177,れらたん,財団CKW, ,"4,260","500,208"
1178,Mogura A.I. Channel, , ,"4,260","364,122"
1179,ぺぺりん, , ,"4,240","1,002,863"
1180,虚拟次元计划, , ,"4,240","221,469"
1181,九條霞,Kasumi Channel, ,"4,230","150,852"
1182,Teary Planet / Nanao Official, , ,"4,220","192,261"
1183,雪姫りんご(夢),雪姫りんご/Ringo Channel【おとりざ】,元おとりざ,"4,220","112,036"
1184,もぐらちゃんねる, , ,"4,210","1,325,430"
1185,channel stickman, , ,"4,210","163,772"
1186,スズキセシル, , ,"4,210","149,931"
1187,ミン・スゥーハ,민수하 / Suha Min 【NIJISANJI KR】,NIJISANJI KR,"4,210","102,040"
1188,おきゅたんbot / VRすきま動画, ,順位をツイート,"4,200","342,562"
1189,城乃柚希(しろのゆずき),城乃 柚希の虜になってってー!,GEMS COMPANY,"4,190","216,184"
1190,羽原ゆとり, , ,"4,190","72,103"
1191,KOYUKI CHANNEL, , ,"4,180","672,097"
1192,クロノロク, ,ViViD,"4,180","31,944"
1193,博多きくこ VTuber GAMES, , ,"4,170","670,758"
1194,ひいらぎのぞみ,nozomi hiragi, ,"4,170","134,772"
1195,ユルリ,유루리 / Ruri Yu 【NIJISANJI KR】,NIJISANJI KR,"4,170","44,889"
1196,モナちゃんねる, , ,"4,140","215,045"
1197,ファンタス衛星通信, , ,"4,140","110,673"
1198,Hirai Virtual no Karada, , ,"4,120","150,140"
1199,聖グレイル,聖グレイル【ユメノグラフィア】,ユメノグラフィア,"4,120","104,025"
1200,Denom Rs, , ,"4,110","1,531,121"
1201,一文字マヤ,マヤたそTV,GEMS COMPANY,"4,110","204,175"
1202,綴目日傘(つづりめひがさ),綴目日傘,ぱりぷろ,"4,110","14,878"
1203,湊音みなみ,みみみch / 湊音みなみ,Re:AcT男性部門,"4,090","287,869"
1204,Dali Channel/ウィッチ・ダリ・スイート, , ,"4,090","187,536"
1205,小林私watashi kobayashi, , ,"4,080","256,927"
1206,産毛だよ, , ,"4,080",0
1207,花菱撫子(はなびしなでしこ),ごきげんよう、わたし花菱撫子です。, ,"4,060","193,796"
1208,腐男子Vtuber黒崎ヴァイス, , ,"4,050","192,412"
1209,赤羽ユキノ,実録!赤羽ユキノの生態,GEMS COMPANY,"4,030","160,736"
1210,女帝セツナ, ,順位をツイート,"4,030","55,150"
1211,小森ねね, , ,"4,020","127,845"
1212,さくやちゃんねる - 葵桜玖耶, , ,"4,010","80,155"
1213,フラヴィ,VNフラヴィ, ,"3,990","65,746"
1214,勇者ことね,ことねちゃんねる,IRIAM,"3,990","2,981"
1215,バーチャル悪霊, , ,"3,980","367,927"
1216,ニシカ'sわーくす, , ,"3,980","164,995"
1217,末代雨季。, , ,"3,980","130,354"
1218,羽苺丸 ひめか -Uimaru Himeka-, , ,"3,970","430,983"
1219,ひのちゃんねる/hinochannel, , ,"3,970","168,222"
1220,Paparacha, ,順位をツイート,"3,960","646,773"
1221,ReiDOLL-NOAH, ,順位をツイート,"3,960","428,646"
1222,人工知能AI ユニ, , ,"3,960","162,995"
1223,MaliceDiary, , ,"3,950","577,266"
1224,[LPer hiryu channel]飛竜☆チャンネル[Japan], , ,"3,940","1,088,648"
1225,惑星のパンくん, , ,"3,940","482,984"
1226,ANON,ANON KINGDOM,順位をツイート,"3,940","71,848"
1227,かもしんチャンネル, , ,"3,930","82,814"
1228,シュティー, , ,"3,920","1,780,381"
1229,*Arriate Channel* -アリアーテチャンネル-, , ,"3,920","414,275"
1230,水梨あやりちゃん寝る, , ,"3,920","49,546"
1231,夜城明音(やしろあかね),Akane Yashiro, ,"3,920","10,974"
1232,Inssomniax, , ,"3,900","2,746,907"
1233,月子ちゃんねる, ,順位をツイート,"3,900","237,552"
1234,紺野和泉,和泉,VEEMusic,"3,900","19,050"
1235,たなとす/thana, ,順位をツイート,"3,890","923,548"
1236,有栖川レイカ,レイカのひみつの部屋,GEMS COMPANY,"3,880","100,087"
1237,赤坂まさか -VSinger SongWriter-, , ,"3,870","154,603"
1238,女神ちゃんねる[劇] ミナ・ルト, , ,"3,850","100,761"
1239,モカ,もかちゃんねる【 Project ShoveL 】,ShoveL,"3,840","316,472"
1240,白亜ルベ企画, , ,"3,840","71,922"
1241,スーピコゲームス, , ,"3,820","800,907"
1242,みみこ, , ,"3,810","449,061"
1243,えだ, , ,"3,810","377,827"
1244,バーチャルエロドラゴンの巣, , ,"3,807","2,393,914"
1245,Kite Channel, , ,"3,800","213,517"
1246,NGW_sub, , ,"3,790","508,887"
1247,ナルミハヤセ,なるはやちゃんねる, ,"3,790","142,018"
1248,にゃるら,nyalra, ,"3,780","48,584"
1249,人形劇系異世界Youtuber 高い城のアムフォ, , ,"3,770","138,990"
1250,肉片ちゃん,肉片ちゃん2nd,IRIAM,"3,770","1,509"
1251,MeowieCakes, , ,"3,760","1,401,680"
1252,Vtuber界を見守るリス 【旧名 自己顕示欲が強いリス】, , ,"3,760","1,260,195"
1253,桃丸ねくと,桃丸ねくとのもも もももッ!!, ,"3,760","104,286"
1254,蜂乃蜜味のはちみつちゃんねる, , ,"3,760","31,936"
1255,新川良,新川良,IRIAM,"3,750","5,543"
1256,MC SAN, , ,"3,740","86,537"
1257,シュティー, , ,"3,720","2,293,164"
1258,ひそりちゃんねるっ, , ,"3,720","195,531"
1259,夢見ログ てんま,夢見家_てんま,空想コード+,"3,720","89,663"
1260,牡丹きぃ(ゲーム),牡丹きぃGames,順位をツイート,"3,720","79,581"
1261,しろすけVtuber, ,順位をツイート,"3,710","60,986"
1262,宝生てあ, ,ユメノグラフィア,"3,710","40,475"
1263,Re:AcT公式,Re:AcT / リアクト,Re:AcT,"3,710","7,843"
1264,緋赤エリオ,緋赤エリオhiseki_erio channel,ぱりぷろ,"3,690","49,439"
1265,LINE CAFE, , ,"3,670","2,120,979"
1266,Roaming Tuna, , ,"3,670","785,265"
1267,二寺蒼五,2Terra channel.,Smarprise,"3,670","106,714"
1268,MilkyTube/みるきぃ, , ,"3,650","163,181"
1269,芦枝レンリ, , ,"3,650","106,515"
1270,니어니아NearNia, , ,"3,640","594,345"
1271,Programastar.com/プログラマスター, , ,"3,640","182,204"
1272,NoWorld Official, , ,"3,640","75,119"
1273,コハクのおうち, , ,"3,630","22,564"
1274,少年ペット巻望, , ,"3,620","433,821"
1275,くらすたーちゃん,くらすたーちゃんねる,cluster,"3,620","197,802"
1276,瀧上りと,瀧上りとちゃんねる, ,"3,620","89,693"
1277,マキオエレコム所属, , ,"3,610","29,265"
1278,cacalianz, , ,"3,600","175,182"
1279,花町すみれ, ,IRIAM,"3,600","65,606"
1280,ギャラドスチャンネル, , ,"3,590","1,154,367"
1281,memex, , ,"3,590","101,670"
1282,人造人間ジンゾウ, , ,"3,590","77,364"
1283,胡蝶椛(Kochou Momiji),Kochou Momiji 胡蝶椛,OPEN BETA,"3,590","65,498"
1284,白咲ユノハ, , ,"3,580","146,649"
1285,VALIS, , ,"3,570","478,940"
1286,七瀬 百音/ななせ もね, , ,"3,560","80,664"
1287,仁木探偵事務所, , ,"3,560","63,684"
1288,伊集院ゼロ,伊集院ゼロ, ,"3,550","328,792"
1289,少年メイドちゃんねるSyounenmaid Channel, , ,"3,550","72,577"
1290,急電channel, ,転生組,"3,540","1,290,842"
1291,牛さんちゃんねる, , ,"3,540","140,847"
1292,魔王ハンパナサス,雪雪崩 清隆yukinadare kiyotaka, ,"3,540","131,361"
1293,天死ちゃん天界チャンネル, ,IRIAM,"3,540","111,081"
1294,なもちゃん,なもちゃんねる 七桃りお,バ美肉,"3,540","89,257"
1295,ハルカ, , ,"3,530","3,260,210"
1296,クーテトラチャンネル, , ,"3,530","128,199"
1297,眞白かのん,/ Mashiro Kanon眞白かのん, ,"3,530","35,314"
1298,姫川セリナ,姫川セリナ[勇者ズム!],勇者ズム！,"3,520","126,511"
1299,ア・プチ, ,らいとあっぷ,"3,520","94,883"
1300,京極エミーリア,京極エミーリア皐月【サークルみらん】,サークルみらん,"3,520","65,419"
1301,菜花なな,菜花なな【ウクレレVtuber】,AVATAR2.0,"3,510","75,536"
1302,魔宮ベルChannel, , ,"3,510","65,674"
1303,相馬琴葉の都市伝説, , ,"3,500","525,953"
1304,葉月ナツ,NATSU Channel, ,"3,500","109,705"
1305,-Akatsuki Gen-暁 ゲン, , ,"3,490","1,234,751"
1306,もりこっこ, , ,"3,490","46,377"
1307,一颯れむ,Ibuki Rem Channel-一颯れむ-, ,"3,480","796,168"
1308,ねぎろぐ, , ,"3,480","584,569"
1309,ラー油/らあゆちゃんねる, , ,"3,470","1,329,877"
1310,没落お嬢様ちゃんねる, , ,"3,470","189,160"
1311,wtkshe, , ,"3,470","97,394"
1312,はるぽぽちゃんねる, , ,"3,460","41,540"
1313,Sonic Logic Channel, ,順位をツイート,"3,456",0
1314,脳筋魔法使い系Vtuber魔霧のお部屋, ,順位をツイート,"3,440","806,422"
1315,アイシィVソリッド, , ,"3,440","143,656"
1316,Seishin, , ,"3,430","168,095"
1317,星河テフ,てふちゃんねる,空想コード+,"3,430","35,384"
1318,天比良地高校オカルト研究会, , ,"3,420","337,748"
1319,うかみちゃんねる, , ,"3,420","96,015"
1320,天野声太郎, , ,"3,420","61,907"
1321,ヒノ/hino, , ,"3,410","327,886"
1322,ちばねずみ, , ,"3,410","176,347"
1323,愛守ノユリチャンネル, ,IRIAM,"3,410","53,692"
1324,緋本アリス-Alice Hinomoto-, , ,"3,400","101,022"
1325,私立いちご女学院, , ,"3,400","67,943"
1326,月乃瀬ぅさぎ,ぅさぎちゃんねる,UUUM,"3,390","2,216,129"
1327,白魔女のパンドラ,白魔女のパンドラ,OPEN BETA,"3,390","59,944"
1328,第二えぬじんチャンネル, ,順位をツイート,"3,370","143,193"
1329,バムちゃんねる, , ,"3,360","419,748"
1330,七色れあChannel, , ,"3,360","186,696"
1331,ミシマリProject, , ,"3,360","54,194"
1332,remo 2700, , ,"3,350","650,246"
1333,Yuikai Channel, , ,"3,350","35,605"
1334,バーチャル男の娘ユウ, , ,"3,340","124,428"
1335,バフコチャンネル, , ,"3,340","104,953"
1336,ジャスプロ正義野心, , ,"3,340","7,399"
1337,アザミ Channel, , ,"3,330","103,114"
1338,447 Records, , ,"3,330","13,498"
1339,つきちゃんねる/Tsuki ch., , ,"3,320","660,842"
1340,イリスミア,ミアチャンネル,WACTOR,"3,320","74,062"
1341,電波ちゃん,電波ちゃんねる【バーチャルYoutuber】, ,"3,320","69,796"
1342,天秤ひなみ, , ,"3,320","64,453"
1343,ASMR 高槻りつ_Takatsuki Ritsu, , ,"3,320","52,272"
1344,69on(音無むおん 音無くおん),69on Channel【音無むおん くおん】, ,"3,310","97,860"
1345,相羽絲依 / Aiu Itoi, , ,"3,310","37,134"
1346,岩手さちこ,岩手県公認VTuber 岩手さちこ, ,"3,300","12,760"
1347,シュティー, , ,"3,293","611,905"
1348,Δ, , ,"3,290","163,169"
1349,ミストラルwith きよひーれーしんぐ, , ,"3,280","2,033,606"
1350,結城リノ- virtual singer -, , ,"3,280","221,571"
1351,焔機パイロ【ほむらぎパイロ】, ,バ美肉,"3,280","202,393"
1352,隻翼フィナ,隻翼フィナStage!Fina's Wing/, ,"3,280","187,710"
1353,海音UTB, , ,"3,280","7,486"
1354,鐘ヶ江季里 三園命,キリ&ミコトちゃんねる, ,"3,270","208,610"
1355,もふもふ, , ,"3,260","945,531"
1356,りあむ。, ,順位をツイート,"3,260","728,235"
1357,ブラピの実況部屋, , ,"3,260","7,652"
1358,上海ゲーム部, , ,"3,250","246,314"
1359,バーチャル日本兵oozora, , ,"3,240","1,059,446"
1360,Mira Pink, , ,"3,220","48,895"
1361,千洛Chiro, , ,"3,220","43,276"
1362,ちょこまかちゃんねる- Choco Maca Channel -, ,順位をツイート,"3,210","61,268"
1363,巳ノ瀬かなで*かなCh, , ,"3,200","202,981"
1364,財部結菜, , ,"3,200","174,700"
1365,みずか の そこはかとなく書きつくれば, , ,"3,200","96,570"
1366,ミーゴ クトゥルフ系vtuber, , ,"3,200","72,048"
1367,天ノ川リサ,天ノ川リサ[勇者ズム!],勇者ズム！,"3,190","87,716"
1368,Anon Shito紫桃あのん /, , ,"3,190","79,827"
1369,オリス,Orith Log 宇宙貓箱,YahooTV,"3,190","55,805"
1370,砂糖あむのおさとうぼいす！, , ,"3,170","226,666"
1371,むにひめ*, , ,"3,170","201,034"
1372,Purple Heart, , ,"3,170","147,554"
1373,かぷりんこっと, , ,"3,170","132,840"
1374,まっちゃんねる, ,順位をツイート,"3,170","106,153"
1375,横井bit子Channel, , ,"3,170","97,212"
1376,とと1010, , ,"3,170","95,494"
1377,おーかみおーこく, ,順位をツイート,"3,160","81,707"
1378,ユメノウララ, , ,"3,160","67,379"
1379,ぴぴぴのぶきみch, , ,"3,150","892,187"
1380,みーちゃんの政治ちゃんねる, , ,"3,130","127,796"
1381,そらのももか, , ,"3,110","95,098"
1382,sasaki carpaccio佐々木カルパッチョ, , ,"3,100","1,064,869"
1383,ましろちゃんねる。-Mashiro Channel-, , ,"3,090","96,330"
1384,Yuzuka Channel, , ,"3,090","75,731"
1385,山田すずめ, ,順位をツイート,"3,090","74,140"
1386,びっくりちゃん, , ,"3,080","159,046"
1387,桐野そるべ, , ,"3,070","217,192"
1388,黄瀬まこ,Kise Mako Channel, ,"3,070","105,386"
1389,漆黒のれゔぃあたんchannel, , ,"3,070","49,670"
1390,Amida・La・Bip, , ,"3,060","1,584,946"
1391,ゆうたそ, , ,"3,060","607,614"
1392,秋田で釣る理由, , ,"3,060","477,034"
1393,【こまりちゃんねる】桜こまり, , ,"3,060","109,578"
1394,せやなせや, , ,"3,060","45,371"
1395,眠河ゆめな,眠河ゆめな,空想コード+,"3,060","26,908"
1396,のらきゃっとClassics, , ,"3,060","25,793"
1397,嫁ノ萌実,嫁ノ萌実 -新人ライバー- チャンネル,エイレーン一家,"3,060",0
1398,バララとカレン,バララとカレン, ,"3,050","32,627"
1399,雑葉学美 - Sub Zouba, , ,"3,040","94,810"
1400,マシロユユ, , ,"3,040","58,504"
1401,天野ヒカリ,天野ヒカリ【VTuber】,OPEN BETA,"3,040","53,151"
1402,ちろるかみおか, , ,"3,040","28,146"
1403,春原つくし,つくしちゃんねる,夢見坂学院,"3,030","179,300"
1404,かなみゅーじっく-音琴かなみ-, , ,"3,030","57,769"
1405,一二三堂日記, , ,"3,021","108,672"
1406,Rおじちゃん, , ,"3,020","420,886"
1407,丹羽にわこ,丹羽にわこちゃんねる,バ美肉,"3,020","77,343"
1408,ストュラス・ウォール, , ,"3,020","60,061"
1409,モダンコンバット Versus日本公式チャンネル, , ,"3,010","1,124,543"
1410,Marino ASMR, , ,"3,010","115,097"
1411,SHiNO/雨ニマケテモ, , ,"3,010","113,257"
1412,姫鶴紗雪,さゆきチャンネル, ,"3,000","130,572"
1413,家庭用ロボアイゼン, , ,"3,000","39,895"
1414,三日月ネコ, , ,"2,990","101,821"
1415,ルイスちゃんねる Ruiz Channel, , ,"2,990","66,288"
1416,ぴかお, , ,"2,980","285,570"
1417,こまつりなチャンネル, ,順位をツイート,"2,980","159,894"
1418,輝度るみなちゃんねる, ,バ美肉,"2,980","105,695"
1419,ちゃんねる伏見やお, ,順位をツイート,"2,980","96,254"
1420,kapra kazami, , ,"2,980","52,557"
1421,しろん・フラットパディちゃんねる, , ,"2,970","62,484"
1422,黒瀬ミサ 黒瀬サバト,黒瀬家,空想コード+,"2,960","46,222"
1423,ノリシャイちゃんねる, , ,"2,960","40,495"
1424,【vtuber】えがきぐりこちゃんねる, , ,"2,950","43,565"
1425,バーチャル劇団まぼろし座Traum, , ,"2,950","42,555"
1426,Yaya Channel 李稍, ,IRIAM,"2,950",646
1427,駒米トオル/こめお, , ,"2,940","451,805"
1428,DJ NOZAX, , ,"2,940","342,153"
1429,狗神由紀, , ,"2,940","86,976"
1430,読谷山文乃, ,順位をツイート,"2,930","111,424"
1431,黒須もあ,Xmoa_channel, ,"2,920","1,687,791"
1432,RK Music, ,WFLE,"2,920","522,617"
1433,吾味人美, , ,"2,910","92,802"
1434,くれみぃー\ kuremyi \鉄道系バーチャルYouTuber, , ,"2,900","676,894"
1435,夢乃名菓の夢の中, , ,"2,880","92,973"
1436,カッパたいちょー, , ,"2,870","34,533"
1437,早乙女ぽえむ,早乙女ぽえむ/ぽえぽえチャンネル, ,"2,870","18,473"
1438,BB&パピヨン ch, , ,"2,860","424,586"
1439,Teruaki Tsubokura, ,転生組,"2,860","322,312"
1440,くーちゃんねる / Akatsuki Clara, , ,"2,860","65,792"
1441,姫乃愛琳,姫乃愛琳,IRIAM,"2,850","78,795"
1442,きりみんちゃん ねる, , ,"2,840","160,589"
1443,猫音すず, , ,"2,840","49,315"
1444,ネムイちゃんねる, , ,"2,830","413,384"
1445,イツキオンライン, , ,"2,830","240,222"
1446,たらばかに子, , ,"2,830","145,054"
1447,白乃クロミ,白乃クロミ channel,AVATAR2.0,"2,830","25,592"
1448,フィドロサミル学園, , ,"2,820","820,300"
1449,りみむのおもちゃ箱, , ,"2,820","236,132"
1450,そそぎはかえりたい, , ,"2,820","84,553"
1451,Robin.Games, , ,"2,810","590,723"
1452,伊達あやの,あやのんチャンネル 【Ayanon Channel】, ,"2,810","85,677"
1453,ソルトちゃんねる, , ,"2,810","44,233"
1454,Spica Channel, , ,"2,810","36,619"
1455,苛真千桜【Vtuber】, , ,"2,810","22,330"
1456,常葉ひより,Hiyori Channel,IRIAM,"2,800","114,271"
1457,こっこさん, , ,"2,790","867,051"
1458,藤納戸めのう, , ,"2,790","169,605"
1459,はちてん。 チャンネル, , ,"2,790","76,408"
1460,めるてぃまじっく, , ,"2,790","57,668"
1461,けもみん, , ,"2,780","393,639"
1462,Tigonaguri Kodanetubusi, , ,"2,780","134,173"
1463,ちゃんねる🌸ふじの, , ,"2,780","51,558"
1464,Mone.Channel【水影もね】, , ,"2,780","29,586"
1465,セリーヌ,ちゃんねるセリーヌ, ,"2,780","18,937"
1466,バーチャルバナナ, ,順位をツイート,"2,770","65,399"
1467,Funny Animal Videos, , ,"2,770","2,810"
1468,小鳥木よつば, , ,"2,760","155,932"
1469,自宅警備隊宅外派遣N.E.E.T, , ,"2,750","184,757"
1470,むすび二等兵,むすび君 Musubi Kun Channel, ,"2,750","44,826"
1471,AVTuber Karin Channel, , ,"2,740","90,426"
1472,愛尾みすず(愛尾家のケモ耳3姉妹が可愛過ぎる件について),愛尾みすず,愛尾家,"2,740","58,071"
1473,散樂瑞穂組, , ,"2,730","2,003,856"
1474,朝比奈美夜,朝比奈美夜【Date Links!】,Date+Links!,"2,730","97,641"
1475,絹漉もめん・谷屋楽, ,バ美肉,"2,730","56,864"
1476,【GEPAI Channel】ゲパイちゃんねる, , ,"2,730","22,536"
1477,くのいち子V忍者, , ,"2,720","153,518"
1478,ありしあちゃんねる, , ,"2,720","95,978"
1479,MIALチャンネル, , ,"2,720","30,454"
1480,あにまーれ公式,AniMare Official / あにまーれ公式,あにまーれ,"2,710",0
1481,ANICo Channel, ,順位をツイート,"2,700","800,113"
1482,猫々【MarbleCreators】, ,順位をツイート,"2,700","89,451"
1483,アルカナ,アルカナARCANA Channel,upd8,"2,690","147,033"
1484,Ne.Mo.42〈凡庸型VTuber〉, , ,"2,680","497,730"
1485,鏡見みら/ Kagami Mira Project, , ,"2,680","101,163"
1486,ピコのピクセルBOX, , ,"2,680","91,072"
1487,ミミカMBD案内所, ,バ美肉,"2,680","63,996"
1488,星野光ちゃんねる!, , ,"2,680","61,490"
1489,オトギリル, ,WACTOR,"2,680","50,158"
1490,ノルちゃんねる, , ,"2,680","43,860"
1491,小柴にぎり, ,順位をツイート,"2,650","62,959"
1492,來夢めると,來夢めると,ぱりぷろ,"2,650","27,935"
1493,Vian(海外),Vian-tuber, ,"2,640","43,615"
1494,まめぞぅゲーム館, , ,"2,630","268,572"
1495,仄架よみ-43channel, ,IRIAM,"2,630","72,143"
1496,牧之瀬マキノ, , ,"2,630","12,533"
1497,EIGHT OF TRIANGLE, , ,"2,620","813,700"
1498,RioRioパラダイスカジノ, , ,"2,620","308,603"
1499,武良崎ゆき, , ,"2,620","64,985"
1500,AZ三日月, , ,"2,610","1,670,749"
1501,SHARPNELSOUND, , ,"2,610","135,847"
1502,桜井ユイ/ゆいちゃんねる, , ,"2,610","99,578"
1503,ゆったり？まったり？のっびのび放送局☆彡, , ,"2,610","77,065"
1504,兎芽, , ,"2,610","30,296"
1505,バーチャルコーヒーユーチューバーモカ, , ,"2,610","30,089"
1506,ビハン,Vihaan【NIJISANJI IN】,NIJISANJI IN,"2,610","19,655"
1507,ツッコミ系ゴンくん, , ,"2,610","4,926"
1508,畑のVTuber陽菜/Hina Virtual YouTuber on the farm, , ,"2,600","67,286"
1509,ろなちゃんねる, , ,"2,600","27,654"
1510,Camellia Channel, ,順位をツイート,"2,590","358,561"
1511,今和間田せぃが,今和間田せぃがVTuber,IRIAM,"2,590","129,237"
1512,Yurari Channel / 桃乃ゆらり 【あにまーれ】, , ,"2,590",0
1513,ローゼアトの研究室, , ,"2,580","109,622"
1514,筆染四季(ふでそめしき),筆染四季,ユメノグラフィア,"2,580","40,107"
1515,蟒蛇ミキ,おみきチャンネル蟒蛇ミキ,空想コード+,"2,580","32,382"
1516,白衣少年キキョウ, , ,"2,580","22,361"
1517,まぁぼ, , ,"2,570","2,225,156"
1518,飯田もえぎ!! パワー系ぽっちゃりVTuber, ,ズーミング,"2,570","54,272"
1519,うさ野うさ子,うさ野ちゃんねる,IRIAM,"2,570","34,645"
1520,チンアナゴTV, , ,"2,560","1,693,914"
1521,あんとちゃんねる, , ,"2,560","58,659"
1522,yura Ch.遠坂ユラ＠Alt!!, ,順位をツイート,"2,560","34,525"
1523,星乃歌カズ(旧ch),チャンネル移行済み,VEEMusic,"2,560","7,027"
1524,ねむん, ,バ美肉,"2,550","69,758"
1525,熊野ぽえみ / POEMI ch., ,ZERO Project,"2,550","14,866"
1526,独創少女部隊, , ,"2,540","1,214,543"
1527,黒崎紗流, ,バ美肉,"2,540","916,462"
1528,紅芋さつま 十六穀米子,SatsuMai Channel,順位をツイート,"2,540","188,747"
1529,空色スカイ, , ,"2,540","173,139"
1530,リオとツグ, , ,"2,540","136,084"
1531,ジョンソンともゆき, , ,"2,540","126,387"
1532,秋津ミツバ,Mitsuba Channel-AKIBA official Virtual AI-, ,"2,540","42,096"
1533,ぬっきー, ,順位をツイート,"2,530","256,889"
1534,クマ野クマエル3世, ,VGaming,"2,530","175,447"
1535,セナちゃんねる, , ,"2,530","146,950"
1536,マイクラ建築 おちびTV OchibiTV, , ,"2,530","107,402"
1537,ココロナキ, , ,"2,530","62,279"
1538,茜彩咲(いろさきあかね),彩咲茜,IRIAM,"2,530","37,996"
1539,ShowVRChannel, , ,"2,520","504,727"
1540,ぴんた踊ってみたチャンネル, , ,"2,520","443,879"
1541,糸巻おり, ,元ぴぐまりおん。,"2,520","62,087"
1542,バーチャルユーチューバー「はがね」のチャンネル, , ,"2,520","45,924"
1543,たまごやきになりたかった, , ,"2,510","583,505"
1544,桜乃ましろ, ,OPEN BETA,"2,510","89,350"
1545,pie pie lie lie, , ,"2,500","48,039"
1546,メロン型容器に入ったアイス大好きりてちゃんねる, , ,"2,500","7,088"
1547,センディーのねこプロ!, ,UUUM,"2,490","758,808"
1548,Vtuber News報道局, , ,"2,490","179,518"
1549,嘆きのアリア,アリアの嘆きちゃんねる,IRIAM,"2,490","134,689"
1550,羊娘めめ VTuber, , ,"2,490","82,512"
1551,結城なのチャンネル, , ,"2,480","1,249,631"
1552,Kenのゲーム実況, , ,"2,480","718,809"
1553,とりくん, , ,"2,480","461,665"
1554,鈴鳴れん, , ,"2,480","435,597"
1555,YOSHI【バーチャルラッパーYouTuber】, , ,"2,480","229,348"
1556,ウィフィ,위피 / Wiffy 【NIJISANJI KR】,NIJISANJI KR,"2,480","42,167"
1557,sifar Vtuber, , ,"2,480","37,384"
1558,雪ダルマ系Vtuberで外道なゆっくり白銀雪河, , ,"2,480","32,662"
1559,デンネート, , ,"2,476",0
1560,久方雨, , ,"2,470","403,149"
1561,奏音リリィ, , ,"2,470","76,573"
1562,賀茂川ドイル, , ,"2,470","74,200"
1563,玉響憩ちゃんねる, , ,"2,470","49,810"
1564,サンシャインティア, , ,"2,460","62,024"
1565,望月のあ / MochidukiNoa, , ,"2,460","56,832"
1566,式神双子の式神屋チャンネル, , ,"2,450","1,403,319"
1567,ぶらっく, , ,"2,450","374,833"
1568,雛乃木まや,バーチャル巫女雛乃木まや, ,"2,450","154,947"
1569,Kirari Channel, , ,"2,450","71,732"
1570,暇人U新人Vtuber【Vtuber準備中】, , ,"2,445","897,300"
1571,おうかみChannel【Vtuber】Games, , ,"2,430","536,415"
1572,ELFI 【OFFICIAL】, , ,"2,430","119,086"
1573,Nano Games, , ,"2,430","116,439"
1574,白鳥くるみ / Kurumi Shiratori, , ,"2,430","66,581"
1575,그닭장TV - 번치코, , ,"2,420","836,371"
1576,AIris Channel, , ,"2,420","47,115"
1577,お嬢様ちゃんねる, ,順位をツイート,"2,413","70,944"
1578,ちゃんねる如月はる, , ,"2,410","151,884"
1579,おぐら, , ,"2,400","82,448"
1580,音楽少女チャンネル, , ,"2,400","79,456"
1581,KatzianXero, , ,"2,400","61,624"
1582,真臣悠香, , ,"2,400","46,820"
1583,core mulk, , ,"2,390","1,034,389"
1584,邪推系チャンネル, , ,"2,390","628,092"
1585,shirogane moka officialしろモカちゃんねる, , ,"2,390","277,871"
1586,ムラタ, , ,"2,390","159,728"
1587,めんトリチャンネル【MENTORI Channel】, , ,"2,390","89,155"
1588,白虎えま, , ,"2,390","54,056"
1589,巳社しらべ,巳社しらべ, ,"2,390","22,370"
1590,RistGaming, , ,"2,380","720,300"
1591,ピカクロス, , ,"2,380","262,681"
1592,仮面チューバー剛, ,IRIAM,"2,380","62,550"
1593,桜夢なな,桜夢なな,ZERO Project,"2,380","33,604"
1594,#Range1116, , ,"2,370","3,451,299"
1595,クイーンハニー,クイーンハニー【VTuber/流星群】,OPEN BETA,"2,370","19,028"
1596,黄子ちゃん / Kikocyan, , ,"2,362","65,980"
1597,ジララボ【バーチャルジラフ】, , ,"2,360","644,116"
1598,霞露凜/Siarurin Ch.【VEgo】, ,VEgo,"2,360","66,430"
1599,砂糖.Vtuber.Channel, , ,"2,350","344,747"
1600,夏日葵奇漾少女, , ,"2,350","152,758"
1601,諸星めろこ, , ,"2,350","27,300"
1602,ころぼしまう, ,ユメノグラフィア,"2,340","19,680"
1603,れみぃちゃんねる, , ,"2,330","689,424"
1604,みにまるコミック【マンガ配信】, , ,"2,330","216,827"
1605,虎落ブエ, , ,"2,330","61,963"
1606,式部めぐり, , ,"2,330","59,037"
1607,ことはちゃんねる, , ,"2,330","51,655"
1608,ヱクシーズ project Channel, , ,"2,330","43,328"
1609,てとら, , ,"2,320","130,682"
1610,Yumemi Yumeiro, , ,"2,320","63,837"
1611,バーチャル大物youtuber, , ,"2,300","5,139,570"
1612,ささ, , ,"2,300","1,083,918"
1613,浅葱ゆあ, , ,"2,300","787,809"
1614,おとりざ〜みらくる☆とりとりっぷ〜,おとりざ〜みらくるとりっぷ〜,元おとりざ,"2,300","39,433"
1615,にゅーい【nyu-i】, , ,"2,300","36,427"
1616,兎影めう, ,VGaming,"2,300","17,067"
1617,かおりんご。社畜系Vtuber, , ,"2,290","224,369"
1618,綾瀬マリー,綾瀬マリー[勇者ズム!],勇者ズム！,"2,290","61,695"
1619,ユメノグラフィア公式, ,ユメノグラフィア,"2,290","11,752"
1620,ALL(アルル)チャンネル, , ,"2,280","533,392"
1621,GAMEシダ, , ,"2,270","523,670"
1622,ぱすメモ（ぱすてるメモリーズ）公式, ,転生組,"2,270","497,376"
1623,JJ,JJ channel,順位をツイート,"2,270","64,963"
1624,早瀬やよい, , ,"2,270","47,584"
1625,小鳥遊名奈,小鳥遊Channel, ,"2,270","42,458"
1626,粛正罰丸の放課後, , ,"2,270","26,841"
1627,DRS NISHI, , ,"2,260","1,019,505"
1628,うどん猫, , ,"2,260","144,700"
1629,竜乃ハナビ/Ryuno Hanabi ch., , ,"2,260","46,511"
1630,Aoi Sora Channel, ,順位をツイート,"2,260","41,503"
1631,Watching_イノセンス, , ,"2,260",0
1632,糜粉棠/みっチャンネル【VEgo所屬家裡蹲】, ,VEgo,"2,260",0
1633,エトラ,エトラ / étraチャンネル,エイレーン一家,"2,260",0
1634,まよねーず, , ,"2,257","398,210"
1635,天見 浩司, , ,"2,250","181,764"
1636,限界ポスドクあらいちゃんのゆるふわ分子生物学研究所, , ,"2,250","143,670"
1637,suzuki ryuma, , ,"2,250","129,173"
1638,ブラッド・エンペラー, ,順位をツイート,"2,250","23,692"
1639,ストリーマン ONGOING!, , ,"2,240","317,975"
1640,バーチャルチン〇ポッティ, , ,"2,230","145,698"
1641,Deat's virtual escapades, , ,"2,230","111,122"
1642,RANKA GAMES, , ,"2,230","82,630"
1643,虚無ちゃんねる, , ,"2,230","58,531"
1644,ちゃんねる常磐カナメ, , ,"2,230","52,350"
1645,ちひろ#話題のあのニュース#, , ,"2,220","289,594"
1646,ゆっけチャンネル, , ,"2,220","248,923"
1647,言霊少女プロジェクト,言霊少女プロジェクト【公式】, ,"2,220","245,087"
1648,赤星ナナハ, ,バ美肉,"2,210","61,972"
1649,채널시하 Channel SeeHa, , ,"2,210","53,437"
1650,桜花神猫 II, , ,"2,200","1,488,917"
1651,ロザリンちゃんねるっ!, , ,"2,200","70,179"
1652,碧守キャベツ, , ,"2,190","788,992"
1653,バーチャル織神ゆさ, , ,"2,190","141,021"
1654,BOOGEY VOXX -official-, , ,"2,190","77,302"
1655,ひなチャンネル【一年生】, , ,"2,190","28,736"
1656,野宮のん, , ,"2,180","70,605"
1657,狼の西村さん, , ,"2,180","58,730"
1658,架空ぶい, , ,"2,180","32,967"
1659,KAGAMI, , ,"2,180","21,252"
1660,O2PAI Game Channel, , ,"2,170","392,844"
1661,julchi, , ,"2,170","376,620"
1662,シュティー, , ,"2,170","340,477"
1663,いぬじまちゃんねる, , ,"2,170","297,918"
1664,ゆっくり夜桜, , ,"2,160","316,830"
1665,ゆき_だるま。, , ,"2,160","146,071"
1666,Bird Circus, , ,"2,159","17,381"
1667,フェアリィ緑川, ,ジャスト プロ,"2,150","170,797"
1668,仮想娘ぴま, , ,"2,150","143,075"
1669,南テイ, ,バ美肉,"2,150","21,784"
1670,陸婉瑩(リク・エンエイ),陸婉瑩 〜リク・エンエイ,WINKS,"2,130","14,412"
1671,ハム太郎, , ,"2,120","1,033,332"
1672,岩流小次郎ch物干し竿系Vtuber, , ,"2,110","206,088"
1673,甘姫まかろん, , ,"2,110","31,471"
1674,青猫くう, , ,"2,110","28,686"
1675,Dapperly Yours, , ,"2,100","93,888"
1676,流川ルカ/匠Festival, , ,"2,100","68,919"
1677,禰好亭めてお, , ,"2,100","29,097"
1678,カナヲ, , ,"2,090","188,333"
1679,くろかわ由理としらかわ由理, , ,"2,090","144,727"
1680,Hana Channel / 日野ハナ, , ,"2,090","81,265"
1681,お茶の間Tボーイズ, , ,"2,090","66,919"
1682,Kazune.S《Tkak-Project》, , ,"2,090","19,577"
1683,ジンちゃんねる, , ,"2,080","541,458"
1684,けだまメモch, , ,"2,080","196,383"
1685,桜華かるら, , ,"2,080","170,857"
1686,LUMi Official, , ,"2,080","115,166"
1687,元素学たん, , ,"2,080","54,894"
1688,藍經漁, , ,"2,070","1,364,335"
1689,YUGAREY 【知識系VTuber】, , ,"2,070","304,869"
1690,《エブリビオン放送軍》レンガ塔男爵, , ,"2,070","105,167"
1691,未確認チャンネル, , ,"2,070","45,012"
1692,Amyちゃんねる, ,順位をツイート,"2,070","26,096"
1693,サイコカス平岡, , ,"2,060","1,180,123"
1694,観影みゆ, ,ユメノグラフィア,"2,060","28,313"
1695,バーチャル悪代官, , ,"2,050","323,216"
1696,あーるいーじー, , ,"2,050","113,574"
1697,小鈴(シャオリン),小鈴-xiaoling- 【Date Links!】,Date+Links!,"2,050","69,751"
1698,白花 咲/しらはな通信社, , ,"2,050","62,009"
1699,Yamada Konoha/山田コノハ, , ,"2,050","49,610"
1700,葉月みゆ, , ,"2,050","42,910"
1701,藍兎らび,藍兎らび -Aoto Rabi-, ,"2,040","87,271"
1702,夏梅なな(なつめなな),夏梅なな/Nana ch, ,"2,040","48,255"
1703,育良啓一郎, , ,"2,040","35,054"
1704,クロイベエスバンド, , ,"2,030","88,943"
1705,玲音-Leon-, , ,"2,030","39,587"
1706,巣籠ツル, , ,"2,030","38,772"
1707,DJ RIO, ,WFLE,"2,030","33,660"
1708,岩埜いな-Ina Channel-, , ,"2,030","17,827"
1709,はまの姉妹[hamano-sis], , ,"2,020","453,062"
1710,amu, , ,"2,020","233,871"
1711,羽月奏ちゆ-Hatsuka Chiyu-, , ,"2,020","31,823"
1712,るひねちゃんねる, , ,"2,020","16,544"
1713,あおりちゃんねる, , ,"2,010","381,261"
1714,金熊鬼奸 / Kaneguma Kiken, ,順位をツイート,"2,010","90,590"
1715,Kannaria, , ,"2,010","20,089"
1716,るるなだよ, , ,"2,000","55,823"
1717,ふぅちゃんStudio, , ,"2,000","38,157"
1718,アシノ【バーチャルギタリスト】, , ,"2,000","35,438"
1719,雪猫カゥル,kaluru_雪猫カゥル, ,"2,000","32,764"
1720,紳士龍の隠れ家, , ,"1,999","403,211"
1721,のちゃんねる/no-channelとりいP, , ,"1,990","281,584"
1722,津軽りんこ, , ,"1,990","34,205"
1723,るーにゃちゃんねる, , ,"1,990","23,480"
1724,小花てくと, ,ユメノグラフィア,"1,990","18,569"
1725,バーチャルアイドル「いくせん」【公式】, , ,"1,980","113,934"
1726,いっちゃんねる, , ,"1,980","90,101"
1727,くーりのちゃんねる, , ,"1,980","67,136"
1728,おり, , ,"1,980","44,821"
1729,Tau Channel【華 桃兎】, , ,"1,980","24,087"
1730,Enji Notokunchoro,Enji N. Channel,順位をツイート,"1,980","22,711"
1731,神野いんく,いんくちゃんねる, ,"1,970","96,309"
1732,米田らん*, ,IRIAM,"1,970","30,637"
1733,【公式】OVERHIT CHANNEL, ,転生組,"1,960","755,127"
1734,ViANKiE-ヴィアンキィ-, , ,"1,960","80,022"
1735,凪,凪のお社, ,"1,960","63,693"
1736,たるとみつきの休憩所, , ,"1,960","42,247"
1737,クロネコ仮チャンネル, , ,"1,960","36,043"
1738,REIA Virtual Channel, , ,"1,960","22,753"
1739,バーチャル数学科大学院生いたりんっ, ,順位をツイート,"1,960","1,533"
1740,雪乃 雫/Shizuku gamechannel, , ,"1,950","314,638"
1741,Dr.マサト, , ,"1,950","307,515"
1742,水鞠リヴィ-Mizumari Rivi, , ,"1,950","91,307"
1743,墨子, , ,"1,950","46,818"
1744,胡蝶由芽 小鳥遊酔,バーチャルFM 【 終末RADIO 】,Akihabara Lab,"1,950","41,285"
1745,yui tamaka, , ,"1,940","446,798"
1746,VCafe Ange天使のいる喫茶店, ,IRIAM,"1,940","32,792"
1747,グエス -VEx Gues Ch-, , ,"1,930","79,166"
1748,小鳥遊めとろ,小鳥遊めとろ / Takanashi Metro, ,"1,930","33,337"
1749,クシザキ, , ,"1,930","26,762"
1750,黒音うらら, ,OPEN BETA,"1,930","7,885"
1751,神代せつな, , ,"1,920","116,224"
1752,バーチャルマスター巧兄, , ,"1,920","91,927"
1753,西園寺まりりん, , ,"1,920","14,926"
1754,王我見 拳, , ,"1,920","2,225"
1755,マイクリVtuber【YesmanAsada】, , ,"1,910","1,244,635"
1756,ちびっ子魔女のメメ, , ,"1,910","69,765"
1757,戯嶋サチの探索ch, , ,"1,910","60,427"
1758,猫月みお, , ,"1,910","59,987"
1759,碧志摩メグ, , ,"1,910","30,300"
1760,硝子の掃き溜め, , ,"1,910","25,814"
1761,Enil Channel, , ,"1,910","20,574"
1762,マダラモトミ -バーチャルYouTuber-, , ,"1,910",0
1763,MySelect Channel, , ,"1,910",0
1764,Leia * Virtual Singer *, , ,"1,900","64,295"
1765,ピーマンくん,ピーマンくん,.LIVE,"1,900","36,040"
1766,今咲はな,えみはなの/Hana Ch.,空想コード+,"1,900","34,774"
1767,qagelow, , ,"1,900",0
1768,MiyaMiya Channel, ,バ美肉,"1,890","253,249"
1769,夜中ヨル / Yoru Yonaka, , ,"1,890","57,006"
1770,Vsinger musica channel, , ,"1,890","48,309"
1771,モリーニャ__バーチャル魔術工房, , ,"1,890","44,939"
1772,雨ヶ崎笑虹,雨ヶ崎 笑虹【あまがさき えこ】, ,"1,890","30,173"
1773,大狼うるちゃんねる, ,バ美肉,"1,890","20,302"
1774,Ama Game, , ,"1,880","105,408"
1775,めっちゃばぶ美,めっちゃばぶ美の政見放送,ジャスト プロ,"1,880","98,674"
1776,来栖エマema Ch., , ,"1,880","38,220"
1777,犬丸のぞみ, , ,"1,870","209,774"
1778,甘楽いざな, ,バ美肉,"1,870","184,082"
1779,沙羽, , ,"1,870","39,143"
1780,すみっこ Channel, , ,"1,870","8,295"
1781,バーチャルスライムくん*SlimeGamingChannel, , ,"1,860","352,368"
1782,ドゥエムマスク, , ,"1,860","68,591"
1783,ジルのゲーム実況チャンネル, , ,"1,850","1,479,032"
1784,狐狐音の前*ここね*, , ,"1,850","82,307"
1785,アマネ・シャーロットamane charlotte, , ,"1,850","53,546"
1786,カルラねっと。, , ,"1,850","51,678"
1787,ほのかかおり,かおりちゃんねる, ,"1,850","51,262"
1788,闇夜桜, , ,"1,850","5,316"
1789,花ヶ崎あお,花ヶ崎あお【Date Links!】,Date+Links!,"1,840","28,720"
1790,Raptの歯車部屋, , ,"1,830","33,789"
1791,PUBG MOBILE NEWS, ,順位をツイート,"1,829",0
1792,黒猫 ティーチャ, , ,"1,820","825,867"
1793,めあちゃんガチ恋勢, , ,"1,820","433,383"
1794,カサチ ライエン《Raien Channel》, , ,"1,820","329,597"
1795,蒼唯ちゃんねる, , ,"1,820","52,046"
1796,ゆまりあCafe, , ,"1,820","20,388"
1797,L-Bit Channel, , ,"1,820","20,291"
1798,YouTuber 665, , ,"1,810","208,286"
1799,Sakuragi Channel / 桜木一葉, , ,"1,810","116,800"
1800,バーチャルYouTuberすわわチャンネル, , ,"1,810","67,222"
1801,絵描魔くるChannel, , ,"1,810","28,012"
1802,西条昭, , ,"1,800","1,720,540"
1803,しおん癒し系撫子Vtuber, , ,"1,800","108,522"
1804,Rikka Channel, , ,"1,800","96,449"
1805,エリートトレーナーゆりの, , ,"1,790","212,048"
1806,鯖乃いちか, , ,"1,790","89,237"
1807,金平あめの自由帳, , ,"1,790","60,349"
1808,ハスタちゃんねるHastur Channel, , ,"1,790","54,709"
1809,-Liza Channel-, , ,"1,790","37,400"
1810,小刀禰ミア(ことねみあ),小刀禰ミア[勇者ズム!],勇者ズム！,"1,790","23,141"
1811,自己満組 建設予定地, , ,"1,780","2,960,967"
1812,Yuuki Mio Channel/結城澪, , ,"1,780","103,746"
1813,真島えま, , ,"1,780","97,559"
1814,LanCee Official, , ,"1,780","96,448"
1815,ガブちゃんねる, ,順位をツイート,"1,780","55,134"
1816,ネギの民筆頭ネギリム, , ,"1,780","41,978"
1817,天条院アギト /Tenjoin Agito., , ,"1,780","30,026"
1818,虹色ひらり, , ,"1,770","116,005"
1819,あんさくちゃんねる, , ,"1,770","111,137"
1820,ヴィヴィチャンネル - Vivi's Channel -, , ,"1,770","87,021"
1821,雑狐ヒャッハーチャンネル, , ,"1,770","46,778"
1822,花山組ちゃんねる, , ,"1,770","36,020"
1823,白梅,白梅ちゃんねるぅ, ,"1,770","21,883"
1824,寧々子ちゃんねる, , ,"1,770","14,919"
1825,cona ちゃんねる, , ,"1,760","357,054"
1826,魔導令嬢 冥歌ルカ, ,バ美肉,"1,760","37,607"
1827,惑喰らせつ, ,VGeneration,"1,760","24,768"
1828,濛濛-モンモン-にじさんじ台北, , ,"1,760",0
1829,稀紗蘿, , ,"1,750","117,370"
1830,五十嵐イツツ, , ,"1,750","43,489"
1831,orichannel九十九おり, , ,"1,750","42,809"
1832,Just Abby, , ,"1,750","20,528"
1833,-Shallow threesome-浅はかな三人組•なぞっち, , ,"1,740","1,478,599"
1834,しらいしわたる / WataxxxVlog, , ,"1,740","349,995"
1835,レオン・ゼロミヤ [Leon Zeromiya], , ,"1,740","61,299"
1836,マリーさんのにこにこチャンネル, , ,"1,740","57,419"
1837,バーチャル犬耳おばさんおじさん*ちゃんねる, ,順位をツイート,"1,740","52,815"
1838,リアラチャンネル, ,バ美肉,"1,740","41,147"
1839,suzushiro ch.すずしろ真菜, ,バ美肉,"1,740","37,020"
1840,芽森つむぎ / Memori Tsumugi, , ,"1,740","32,222"
1841,黒兎ウル kurousagi uru -VIRTUAL-, , ,"1,740","17,237"
1842,LupinusVirtual Games, ,LVG/IBG,"1,740","13,692"
1843,VTuber HINAKO,鬼カワイイ岡山市, ,"1,730","1,032,225"
1844,Dailechi Channel/黛樂琪/タイラキ【VEgo】, ,VEgo,"1,730",0
1845,Adust Rain Official YouTube Channel, , ,"1,720","223,703"
1846,ドンファンHobby Garage Channel, , ,"1,720","186,274"
1847,王丸櫻子, , ,"1,720","172,154"
1848,Keiro Channel, , ,"1,720","54,485"
1849,黒楊あげは/Ageha Channel【おとりざ麗編】, , ,"1,720","44,115"
1850,兎目まる, , ,"1,720","33,668"
1851,魔野るしあ, , ,"1,720","26,926"
1852,大河山麻々夜, , ,"1,720","23,491"
1853,ちゃんねる夜木, , ,"1,710","56,355"
1854,Yuiちゃんねる, , ,"1,710","39,221"
1855,K-1ファイター長島自演乙雄一郎の自演乙といっしょ, , ,"1,700","243,248"
1856,るりみゅー【焔魔るりの課外活動】, , ,"1,700","90,165"
1857,ナナメちゃんねる, , ,"1,700","82,792"
1858,さくら芽里 Official, , ,"1,700","68,124"
1859,ももちもものばーちゃる忍者ちゃんねる, , ,"1,700","52,887"
1860,しにんくん, , ,"1,700","47,120"
1861,中部ずい, , ,"1,690","72,705"
1862,はりーシ&ぶっちっぱ, , ,"1,690","67,993"
1863,青川うそ, ,OPEN BETA,"1,690","46,516"
1864,酒呑みみこは酒とゲームがあれば生きてける。, ,IRIAM,"1,690","30,191"
1865,大字らしお, , ,"1,690","28,758"
1866,あまねひよ子,ひよ子のピヨピヨチャンネル, ,"1,690","25,571"
1867,三浦兎二彦, , ,"1,690","23,739"
1868,NaiA _planet, , ,"1,690","11,911"
1869,ZEROGAMES 零., , ,"1,680","563,379"
1870,飛鳥 服部半蔵,今までありがとう,IRIAM,"1,680",0
1871,じぶりぃる/ jibril, , ,"1,677",0
1872,しろーとチャンネル, , ,"1,672","218,689"
1873,香坂美充,MIA V-WORLD, ,"1,670","43,924"
1874,バーチャルおかん, , ,"1,670","43,758"
1875,コトタマ, , ,"1,670","11,557"
1876,【バーチャルカフェ店主】時芳透子, , ,"1,670","11,289"
1877,ゆる杏子, , ,"1,660","57,694"
1878,黒野時音,Chrono_Tokine Channel, ,"1,660","32,846"
1879,甘衣あずき, , ,"1,660",0
1880,ただのれゐ【笑顔と元気をお得にお届け】, , ,"1,650","179,785"
1881,テルちゃんねる, , ,"1,650","97,836"
1882,Vtuber Coroころ調査隊, , ,"1,650","53,174"
1883,【杠葉ちほり】ちほりちゃんねる, , ,"1,650","48,277"
1884,コロちゃんねる, ,順位をツイート,"1,650","45,783"
1885,どすまるちゃんねる, , ,"1,640","184,609"
1886,りあちゃんねるっ, , ,"1,640","92,378"
1887,蓮希るい, , ,"1,640","86,608"
1888,白城レイア, , ,"1,640","58,600"
1889,あさひなちゃんねる, ,VEEMusic,"1,640","54,072"
1890,PROJECT:VARTH, , ,"1,640","40,276"
1891,Dぢゃんいいぢゃん, , ,"1,640","11,180"
1892,オタゴンチャンネル, , ,"1,630","260,483"
1893,みなこんnet, , ,"1,630","73,227"
1894,ほぼ週刊キーボードニュース, , ,"1,630","65,765"
1895,まどかCh. 半澤まどかチャンネル, , ,"1,630","42,381"
1896,一鍼ヌイ/Nui Channel【おとりざ和編】, , ,"1,630","32,657"
1897,OIOI CHANNEL, , ,"1,630","28,452"
1898,Vtuberアンドロイド・レイくん&ゼロちゃん, , ,"1,620","876,584"
1899,エロゲ紹介の匠REN, , ,"1,620","477,704"
1900,しあんちゃんねる, , ,"1,620","186,074"
1901,【あみんちゅ】あみ, , ,"1,620","96,231"
1902,廻子唯乃, , ,"1,620","66,595"
1903,wataame channel*, , ,"1,620","38,769"
1904,Syusetu kohaku/秋雪こはく, , ,"1,620","27,474"
1905,鳩岡小恋, ,ユメノグラフィア,"1,620","10,226"
1906,LEVYS CHANNEL VTuber Levi, , ,"1,610","559,172"
1907,らぱんch, , ,"1,610","465,114"
1908,ブレスチャンネル, , ,"1,610","450,456"
1909,折紙正宗, , ,"1,610","261,760"
1910,医師カルテカイジ, , ,"1,610","170,812"
1911,ナカノイズ, , ,"1,610","166,527"
1912,Ruri Channel /胡桃坂るり, , ,"1,610","61,253"
1913,神楽ゆのん-Kagura Yunon-, , ,"1,610","45,135"
1914,大神真白 / Ogami Mashiro, , ,"1,610","40,624"
1915,ゆりいろ, , ,"1,610","16,652"
1916,姫川結泉, , ,"1,600","68,593"
1917,みなみちゃんねる, , ,"1,600","66,606"
1918,徳川ゆめの, , ,"1,600","60,677"
1919,錦山夢鷹, , ,"1,600","40,048"
1920,羽咲らび, , ,"1,600","20,610"
1921,とめこちゃんねる, ,バ美肉,"1,600","15,584"
1922,Saya Lin, , ,"1,590","822,970"
1923,柊木ユキ, , ,"1,590","58,346"
1924,水鏡いるか, , ,"1,590","57,141"
1925,阿古江レイスケ, , ,"1,590","54,423"
1926,望月ユウキ, ,IRIAM,"1,590","24,623"
1927,Ch. N-TO, , ,"1,590","24,161"
1928,ブロードスカヤ怪奇事務所, , ,"1,590","21,035"
1929,あん肝,Ankimo Ch. あん肝チャンネル,ホロライブ,"1,590","7,731"
1930,HimenoCats*game channel*, , ,"1,580","185,377"
1931,棚牡丹モナカぼたもちちゃんねる, , ,"1,580","57,370"
1932,MimiMina Official, , ,"1,580","24,208"
1933,じーえふママの全素粒子産みなおし計画, , ,"1,580","15,737"
1934,巻乃もなか,もなふわちゃんねる,AVATAR2.0,"1,580","12,260"
1935,片倉一実, ,ユメノグラフィア,"1,580","5,826"
1936,伏黒しのぶ, , ,"1,570","38,879"
1937,キャロライン,Caroline Brown キャロライン・ブラウン,WINKS,"1,570","28,196"
1938,公式IRIAM, ,IRIAM,"1,570","27,000"
1939,旱林鏡香, , ,"1,570","14,603"
1940,ルイス王子, ,IRIAM,"1,570","10,689"
1941,ヘル・スケア, , ,"1,570","1,077"
1942,レインボーひかり, , ,"1,567",0
1943,木茂山下呂男, ,IRIAM,"1,560","79,206"
1944,彩田花道お絵かきch, , ,"1,560","49,517"
1945,ぽぷな にやり,ぽぷな&にやり, ,"1,560","38,640"
1946,飴宮むに, ,OPEN BETA,"1,560","36,572"
1947,ヲタきち, , ,"1,560","24,896"
1948,あかめ,あかめ【VTuber】, ,"1,560","16,296"
1949,九十九のお屋敷‐Tsukumo’s Palace‐, ,あふたーしーくれっと,"1,560","6,788"
1950,ウサギン【ハイブリッド型うさぎVTuber】, , ,"1,550","204,612"
1951,VTuber Pending, , ,"1,550","62,818"
1952,魚住チカ, , ,"1,550","52,127"
1953,ヒヤ.企画, ,順位をツイート,"1,550","42,825"
1954,kemuri nekobuki, , ,"1,550","32,124"
1955,バブみ看板娘リシア,リシアちゃんねる,upd8,"1,550","21,313"
1956,HACHI - VSinger -, , ,"1,550","19,952"
1957,あぐりと生きもの探し隊！, , ,"1,550","16,489"
1958,白紙アユ, , ,"1,550","16,031"
1959,ゆめのわたし,WatashichanNEL ゆめのわたし,IRIAM,"1,550","12,846"
1960,かなかまなだよー!, , ,"1,540","61,836"
1961,乙女ノ浪漫-OtomeNoRoman-, , ,"1,540","30,832"
1962,Futaba Hiramori 平森フタバ, , ,"1,540","28,721"
1963,凛葉(りんよう),凛葉,IRIAM,"1,540","16,696"
1964,狛狼ちの(夢),狛狼ちの/Chino Channel【おとりざ夢編】, ,"1,540",0
1965,崖っこち-投資とゲーム時々スイーツ-, ,順位をツイート,"1,530","953,528"
1966,氷城の魔術師クリスト, ,順位をツイート,"1,530","928,732"
1967,東方前線おすろ, , ,"1,530","441,278"
1968,ちょろさんのタロットルーム, ,順位をツイート,"1,530","260,169"
1969,十乙女トトメ, , ,"1,530","38,073"
1970,両性天使 有栖川 奏 歌・ゲーム配信サブ, , ,"1,530","27,097"
1971,ももちもものちーむ忍者ちゃんねる, , ,"1,530","22,493"
1972,水鏡涼-ryou mikagami-, ,順位をツイート,"1,530","8,100"
1973,パラぺら,パラぺら / PARAPERA,よんしー,"1,520","1,822,126"
1974,光りりあチャンネル, ,バ美肉,"1,520","175,849"
1975,MitoChannel / 時雨ミト, , ,"1,520","135,542"
1976,金城院カレン, , ,"1,520","72,390"
1977,ムゲンもっち, , ,"1,520","53,833"
1978,姫騎士タルツーちゃんねる, , ,"1,520","31,093"
1979,エモリミク - Miku Emori公式チャンネル, ,順位をツイート,"1,520","12,776"
1980,AndyWalkerCHANNEL, , ,"1,510","405,273"
1981,ライバーネット, , ,"1,510","240,924"
1982,ミィ・ガルルラ,ミィ・ガルルラchannel,ぶいらいぶ,"1,510","12,964"
1983,うさめろちゃんねる, , ,"1,510",0
1984,VTuber 朽血ざあぢ, , ,"1,500","958,079"
1985,安野朱璃,安野朱璃 / Akari Anno, ,"1,500","69,071"
1986,VTuber黒影, , ,"1,500","28,652"
1987,黄ノ星つくり / Tsukuri Kinohoshi, ,ZERO Project,"1,500","21,929"
1988,野球系Vtuberたまのるい, , ,"1,500","12,564"
1989,癒月うる, ,らいとあっぷ,"1,500","4,367"
1990,渚乃奏, ,順位をツイート,"1,490","101,842"
1991,上野桃香, , ,"1,490","99,165"
1992,ホムラケイ - Homura Kei, , ,"1,490","82,012"
1993,でんき, , ,"1,490","51,561"
1994,椿田りさ, , ,"1,490","49,039"
1995,EmuKawahara.Channel, ,順位をツイート,"1,490","7,569"
1996,狸山切抜堂, , ,"1,480","1,356,873"
1997,GOROman, , ,"1,480","508,334"
1998,創好リナ,創好リナ [バーチャルイキリプログラマ], ,"1,480","60,177"
1999,しろねこ亭ねこすけ, ,IRIAM,"1,480","28,858"
2000,鳥羽こはく, , ,"1,480","26,865"
